Order ID,Order Date,Customer ID,Customer Name,Region,State,Category,Sub-Category,Product Name,Sales,Quantity,Discount,Profit
ORD-100000,2025-02-03,CUST-1545,Customer 293,West,Rajasthan,Office Supplies,Binders,Ring Binder,540.64,1,0.25,109.81
ORD-100001,2025-06-20,CUST-1557,Customer 538,South,Tamil Nadu,Furniture,Bookcases,Steel Shelf,27519.64,2,0.0,1779.91
ORD-100002,2025-11-29,CUST-1323,Customer 29,East,West Bengal,Technology,Accessories,Wireless Mouse,5339.74,4,0.15,840.19
ORD-100003,2025-11-26,CUST-1300,Customer 85,North,Haryana,Office Supplies,Storage,Drawer Organizer,2532.74,2,0.05,237.01
ORD-100004,2024-04-24,CUST-1282,Customer 524,South,Karnataka,Furniture,Chairs,Visitor Chair,24961.72,4,0.15,6026.25
ORD-100005,2023-06-03,CUST-1306,Customer 459,South,Andhra Pradesh,Furniture,Chairs,Mesh Chair,14697.33,1,0.0,2982.32
ORD-100006,2023-06-03,CUST-1051,Customer 498,West,Rajasthan,Furniture,Tables,Office Desk,14623.65,1,0.1,2632.32
ORD-100007,2023-11-30,CUST-1645,Customer 555,East,Bihar,Furniture,Tables,Compact Desk,8621.28,1,0.1,1241.13
ORD-100008,2023-11-18,CUST-1265,Customer 265,South,Andhra Pradesh,Technology,Phones,Pixel Edge,148076.68,3,0.1,30028.78
ORD-100009,2023-04-09,CUST-1609,Customer 100,West,Gujarat,Technology,Phones,ProPhone X,69065.39,3,0.1,11412.39
ORD-100010,2023-11-27,CUST-1220,Customer 626,East,Odisha,Technology,Laptops,UltraBook 14,118485.17,3,0.05,9140.11
ORD-100011,2025-11-28,CUST-1051,Customer 63,West,Gujarat,Technology,Accessories,Webcam HD,7577.3,3,0.15,853.32
ORD-100012,2023-12-02,CUST-1320,Customer 468,West,Maharashtra,Technology,Laptops,WorkMate 13,198492.14,2,0.0,44553.45
ORD-100013,2024-12-13,CUST-1122,Customer 215,South,Karnataka,Furniture,Tables,Office Desk,4827.87,1,0.05,789.93
ORD-100014,2023-07-06,CUST-1191,Customer 15,North,Haryana,Furniture,Chairs,Visitor Chair,28355.34,4,0.1,5271.56
ORD-100015,2023-04-01,CUST-1352,Customer 308,West,Gujarat,Office Supplies,Binders,Ring Binder,1536.07,2,0.1,278.79
ORD-100016,2024-04-26,CUST-1196,Customer 361,South,Andhra Pradesh,Furniture,Chairs,Visitor Chair,13931.92,1,,1146.0
ORD-100017,2024-12-23,CUST-1633,Customer 150,North,Haryana,Technology,Accessories,Wireless Mouse,2786.07,3,0.15,726.28
ORD-100018,2025-06-28,CUST-1404,Customer 335,North,Delhi,Technology,Laptops,ProBook 15,303432.25,3,0.05,35474.6
ORD-100019,2023-02-19,CUST-1145,Customer 581,South,Andhra Pradesh,Technology,Accessories,USB-C Hub,8106.34,2,0.25,1205.67
ORD-100020,2024-12-26,CUST-1003,Customer 609,South,Karnataka,Office Supplies,Paper,Premium Paper,1893.58,2,0.0,208.99
ORD-100021,2023-06-17,CUST-1182,Customer 202,South,Tamil Nadu,Office Supplies,Paper,Color Paper,967.11,1,0.1,92.05
ORD-100022,2023-06-07,CUST-1630,Customer 80,West,Gujarat,Furniture,Bookcases,Steel Shelf,5938.71,1,0.0,1222.55
ORD-100023,2023-08-07,CUST-1281,Customer 81,South,Andhra Pradesh,Furniture,Bookcases,Steel Shelf,43786.57,3,0.15,3509.2
ORD-100024,2024-06-19,CUST-1388,Customer 361,West,Maharashtra,Technology,Laptops,UltraBook 14,127087.8,3,0.25,30655.4
ORD-100025,2024-04-04,CUST-1280,Customer 304,East,Jharkhand,Technology,Phones,Galaxy Max,278334.41,5,0.1,65409.42
ORD-100026,2025-06-28,CUST-1606,Customer 565,West,Goa,Technology,Phones,SmartOne 12,128838.51,3,0.0,24399.91
ORD-100027,2024-04-11,CUST-1646,Customer 485,East,Odisha,Technology,Laptops,NotePro 16,165701.44,3,0.2,12063.62
ORD-100028,2024-10-13,CUST-1594,Customer 599,West,Goa,Technology,Phones,SmartOne 12,27697.87,1,0.15,2301.43
ORD-100029,2023-05-07,CUST-1279,Customer 385,North,Delhi,Technology,Phones,SmartOne 12,26208.15,1,0.0,1632.19
ORD-100030,2024-07-06,CUST-1148,Customer 163,East,Jharkhand,Technology,Laptops,NotePro 16,122434.01,4,0.2,7044.85
ORD-100031,2024-02-14,CUST-1262,Customer 602,East,Jharkhand,Technology,Laptops,UltraBook 14,195018.78,2,0.0,12081.65
ORD-100032,2025-12-09,CUST-1480,Customer 88,North,Uttar Pradesh,Office Supplies,Storage,File Box,4369.33,3,0.15,1001.32
ORD-100033,2024-05-22,CUST-1281,Customer 311,East,Odisha,Office Supplies,Binders,Presentation Binder,629.73,2,0.1,51.73
ORD-100034,2024-02-06,CUST-1515,Customer 617,South,Kerala,Technology,Phones,Galaxy Max,95436.88,2,0.05,11288.43
ORD-100035,2024-08-09,CUST-1498,Customer 412,West,Goa,Technology,Laptops,ProBook 15,343185.79,4,0.1,59208.51
ORD-100036,2025-01-31,CUST-1404,Customer 472,South,Tamil Nadu,Technology,Accessories,USB-C Hub,15516.35,4,0.0,1115.19
ORD-100037,2025-11-16,CUST-1605,Customer 615,North,Haryana,Technology,Accessories,Webcam HD,12971.97,3,0.1,3020.87
ORD-100038,2024-11-06,CUST-1441,Customer 340,South,Kerala,Technology,Laptops,WorkMate 13,70139.06,1,0.1,11024.22
ORD-100039,2024-10-19,CUST-1317,Customer 428,West,Goa,Furniture,Bookcases,Oak Bookcase,22665.66,4,0.0,1590.52
ORD-100040,2024-01-01,CUST-1345,Customer 205,South,Andhra Pradesh,Furniture,Bookcases,Corner Shelf,28916.65,4,0.15,3868.01
ORD-100041,2024-04-24,CUST-1234,Customer 508,North,Uttar Pradesh,Office Supplies,Paper,Premium Paper,1280.09,2,0.15,339.62
ORD-100042,2025-02-25,CUST-1079,Customer 80,South,Tamil Nadu,Office Supplies,Binders,Ring Binder,3939.5,5,0.0,774.22
ORD-100043,2024-05-12,CUST-1007,Customer 197,East,West Bengal,Technology,Accessories,Wireless Mouse,11483.65,4,0.05,1742.44
ORD-100044,2025-12-28,CUST-1432,Customer 650,West,Rajasthan,Technology,Accessories,Mechanical Keyboard,19391.14,4,0.05,1444.18
ORD-100045,2025-09-10,CUST-1525,Customer 129,East,West Bengal,Technology,Laptops,WorkMate 13,43440.31,1,0.05,9932.91
ORD-100046,2023-01-06,CUST-1187,Customer 553,West,Gujarat,Technology,Laptops,UltraBook 14,85600.02,1,0.1,8976.63
ORD-100047,2025-04-26,CUST-1073,Customer 82,North,Haryana,Office Supplies,Storage,File Box,990.25,3,0.15,95.47
ORD-100048,2025-07-21,CUST-1064,Customer 462,South,Kerala,Furniture,Bookcases,Oak Bookcase,6010.58,1,0.15,674.83
ORD-100049,2024-11-06,CUST-1500,Customer 120,West,Rajasthan,Technology,Laptops,UltraBook 14,70574.7,1,0.2,4539.09
ORD-100050,2024-11-28,CUST-1271,Customer 376,West,Rajasthan,Office Supplies,Binders,Ring Binder,1719.04,2,0.0,205.1
ORD-100051,2023-06-12,CUST-1632,Customer 88,East,Odisha,Office Supplies,Binders,Ring Binder,960.69,2,0.05,74.38
ORD-100052,2024-10-31,CUST-1616,Customer 383,South,Tamil Nadu,Furniture,Chairs,Visitor Chair,25182.99,3,0.05,2519.67
ORD-100053,2024-06-03,CUST-1355,Customer 422,South,Andhra Pradesh,Technology,Phones,SmartOne 12,40132.15,1,0.1,8486.36
ORD-100054,2024-08-24,CUST-1525,Customer 479,East,Bihar,Office Supplies,Paper,Premium Paper,1009.18,2,0.1,169.47
ORD-100055,2024-07-24,CUST-1027,Customer 76,West,Maharashtra,Furniture,Bookcases,Corner Shelf,54125.99,3,0.05,8857.86
ORD-100056,2023-11-04,CUST-1586,Customer 10,North,Uttar Pradesh,Technology,Accessories,Wireless Mouse,4452.83,2,0.0,983.27
ORD-100057,2023-06-18,CUST-1049,Customer 648,West,Rajasthan,Technology,Accessories,USB-C Hub,5014.11,2,0.0,1356.01
ORD-100058,2025-02-12,CUST-1491,Customer 342,West,Gujarat,Furniture,Chairs,Ergo Chair,4799.3,2,0.1,470.73
ORD-100059,2025-12-20,CUST-1326,Customer 292,North,Haryana,Office Supplies,Paper,Color Paper,2023.55,2,0.15,167.08
ORD-100060,2024-04-20,CUST-1611,Customer 30,South,Karnataka,Office Supplies,Paper,A4 Paper Pack,761.85,2,0.0,197.04
ORD-100061,2024-10-04,CUST-1555,Customer 415,South,Tamil Nadu,Furniture,Chairs,Visitor Chair,12553.69,2,0.0,3063.42
ORD-100062,2023-03-05,CUST-1215,Customer 314,East,Odisha,Office Supplies,Storage,Drawer Organizer,1880.29,2,0.1,459.22
ORD-100063,2025-09-23,CUST-1336,Customer 69,West,Rajasthan,Furniture,Bookcases,Steel Shelf,15681.49,2,0.2,1769.55
ORD-100064,2023-07-14,CUST-1449,Customer 292,South,Andhra Pradesh,Furniture,Bookcases,Steel Shelf,7918.46,2,0.0,2085.06
ORD-100065,2023-11-01,CUST-1571,Customer 311,South,Tamil Nadu,Technology,Laptops,ProBook 15,293315.7,3,0.1,56516.74
ORD-100066,2025-11-21,CUST-1422,Customer 360,West,Rajasthan,Office Supplies,Storage,File Box,1322.47,3,0.2,227.53
ORD-100067,2023-11-12,CUST-1193,Customer 27,East,Odisha,Office Supplies,Storage,File Box,2708.82,3,0.15,212.62
ORD-100068,2024-05-24,CUST-1144,Customer 362,West,Goa,Office Supplies,Binders,Presentation Binder,3539.99,5,0.05,246.06
ORD-100069,2023-02-10,CUST-1495,Customer 464,West,Gujarat,Office Supplies,Storage,File Box,1080.84,2,0.0,221.92
ORD-100070,2025-05-27,CUST-1288,Customer 3,West,Maharashtra,Office Supplies,Storage,Drawer Organizer,1668.18,1,0.0,412.65
ORD-100071,2024-03-15,CUST-1340,Customer 227,South,Karnataka,Technology,Accessories,Webcam HD,6144.21,4,0.15,1512.33
ORD-100072,2024-03-11,CUST-1292,Customer 467,West,Goa,Furniture,Chairs,Executive Chair,4326.16,1,0.2,125.42
ORD-100073,2024-03-23,CUST-1477,Customer 387,West,Rajasthan,Technology,Accessories,Webcam HD,5388.02,1,0.1,1137.96
ORD-100074,2023-05-28,CUST-1196,Customer 295,South,Karnataka,Furniture,Bookcases,Steel Shelf,14473.22,2,0.0,782.48
ORD-100075,2025-11-17,CUST-1251,Customer 153,East,Jharkhand,Furniture,Tables,Compact Desk,30774.77,3,0.1,7887.86
ORD-100076,2025-03-24,CUST-1194,Customer 210,South,Andhra Pradesh,Furniture,Bookcases,Storage Cabinet,16269.46,2,0.1,1716.68
ORD-100077,2024-09-07,CUST-1617,Customer 647,North,Punjab,Technology,Accessories,Wireless Mouse,7423.37,3,0.15,1184.32
ORD-100078,2025-05-13,CUST-1207,Customer 621,East,Odisha,Office Supplies,Storage,File Box,471.75,1,0.1,94.43
ORD-100079,2025-11-17,CUST-1639,Customer 296,South,Andhra Pradesh,Technology,Laptops,NotePro 16,53455.0,1,0.0,3478.42
ORD-100080,2023-05-03,CUST-1635,Customer 197,South,Andhra Pradesh,Technology,Phones,Pixel Edge,101629.83,2,0.0,9920.57
ORD-100081,2023-05-03,CUST-1019,Customer 217,South,Tamil Nadu,Technology,Laptops,ProBook 15,292450.21,4,0.0,47548.15
ORD-100082,2023-10-13,CUST-1216,Customer 149,South,Kerala,Office Supplies,Storage,Drawer Organizer,2575.83,2,0.05,533.58
ORD-100083,2024-05-20,CUST-1013,Customer 598,South,Tamil Nadu,Technology,Accessories,Mechanical Keyboard,2281.67,3,0.0,186.61
ORD-100084,2023-05-02,CUST-1446,Customer 553,North,Uttar Pradesh,Technology,Phones,ProPhone X,127545.95,3,0.05,23691.02
ORD-100085,2023-06-28,CUST-1629,Customer 393,North,Punjab,Furniture,Bookcases,Steel Shelf,19689.3,3,0.2,4214.59
ORD-100086,2023-12-15,CUST-1413,Customer 207,West,Maharashtra,Office Supplies,Binders,Ring Binder,843.12,3,0.1,122.44
ORD-100087,2023-01-21,CUST-1536,Customer 207,North,Uttar Pradesh,Technology,Phones,SmartOne 12,43588.24,1,0.15,9583.9
ORD-100088,2023-06-07,CUST-1172,Customer 3,West,Maharashtra,Technology,Laptops,NotePro 16,219140.86,3,0.0,60944.85
ORD-100089,2023-05-20,CUST-1469,Customer 33,North,Haryana,Furniture,Bookcases,Steel Shelf,42943.06,4,0.2,6725.78
ORD-100090,2025-07-05,CUST-1545,Customer 165,East,West Bengal,Furniture,Chairs,Visitor Chair,5476.36,1,0.1,1374.54
ORD-100091,2025-01-12,CUST-1097,Customer 273,East,West Bengal,Technology,Laptops,NotePro 16,248080.5,3,0.1,68516.34
ORD-100092,2024-07-24,CUST-1104,Customer 444,South,Andhra Pradesh,Office Supplies,Paper,Premium Paper,2179.31,2,0.0,306.96
ORD-100093,2023-08-07,CUST-1418,Customer 571,North,Punjab,Technology,Accessories,USB-C Hub,5333.79,4,0.2,501.61
ORD-100094,2025-03-12,CUST-1454,Customer 563,South,Karnataka,Office Supplies,Binders,Lever Arch File,616.85,3,0.1,159.09
ORD-100095,2025-03-25,CUST-1408,Customer 257,West,Rajasthan,Technology,Phones,SmartOne 12,26794.35,1,0.25,3809.82
ORD-100096,2024-03-24,CUST-1235,Customer 257,South,Karnataka,Furniture,Tables,Meeting Table,25853.83,2,0.2,1360.39
ORD-100097,2024-01-08,CUST-1379,Customer 573,North,Punjab,Furniture,Chairs,Ergo Chair,19158.32,5,0.05,4278.17
ORD-100098,2024-07-26,CUST-1058,Customer 624,South,Karnataka,Technology,Phones,SmartOne 12,38233.96,2,0.05,6145.84
ORD-100099,2023-10-04,CUST-1068,Customer 640,East,Bihar,Technology,Laptops,UltraBook 14,85640.31,1,0.15,22041.9
ORD-100100,2023-06-01,CUST-1482,Customer 401,West,Gujarat,Technology,Accessories,Mechanical Keyboard,1860.08,2,0.1,454.85
ORD-100101,2023-06-25,CUST-1551,Customer 242,East,Bihar,Technology,Phones,SmartOne 12,189183.9,4,0.1,22340.26
ORD-100102,2023-08-15,CUST-1250,Customer 172,South,Tamil Nadu,Office Supplies,Storage,File Box,11357.34,5,0.0,830.12
ORD-100103,2024-05-08,CUST-1485,Customer 221,West,Rajasthan,Technology,Phones,ProPhone X,49310.82,1,0.15,12384.52
ORD-100104,2023-06-26,CUST-1293,Customer 345,East,Bihar,Technology,Phones,SmartOne 12,218143.44,5,0.2,26095.56
ORD-100105,2023-05-18,CUST-1242,Customer 361,East,Jharkhand,Technology,Laptops,ProBook 15,479206.86,5,0.1,41989.39
ORD-100106,2023-05-11,CUST-1631,Customer 261,North,Delhi,Technology,Phones,SmartOne 12,177011.88,4,0.05,27782.59
ORD-100107,2025-06-15,CUST-1443,Customer 222,East,Bihar,Office Supplies,Paper,A4 Paper Pack,952.77,3,0.1,249.39
ORD-100108,2024-11-13,CUST-1345,Customer 285,North,Uttar Pradesh,Office Supplies,Binders,Lever Arch File,787.86,3,0.15,206.79
ORD-100109,2023-11-04,CUST-1511,Customer 411,East,Jharkhand,Office Supplies,Paper,A4 Paper Pack,296.13,1,0.1,25.18
ORD-100110,2025-03-06,CUST-1399,Customer 618,South,Tamil Nadu,Technology,Accessories,Mechanical Keyboard,6836.98,2,0.1,1085.3
ORD-100111,2025-07-16,CUST-1180,Customer 645,South,Kerala,Furniture,Chairs,Visitor Chair,14700.2,1,0.1,3269.51
ORD-100112,2025-11-04,CUST-1097,Customer 468,East,Jharkhand,Technology,Laptops,ProBook 15,110900.38,2,0.15,19875.38
ORD-100113,2024-12-10,CUST-1537,Customer 60,South,Kerala,Technology,Accessories,Wireless Mouse,5548.52,2,0.05,437.98
ORD-100114,2023-01-22,CUST-1488,Customer 161,East,West Bengal,Furniture,Tables,Meeting Table,48463.87,2,0.0,12016.37
ORD-100115,2023-06-01,CUST-1624,Customer 353,East,West Bengal,Technology,Phones,Pixel Edge,51667.56,1,0.15,4990.06
ORD-100116,2023-10-07,CUST-1286,Customer 446,East,Jharkhand,Furniture,Bookcases,Corner Shelf,61441.37,3,0.05,8720.1
ORD-100117,2024-10-30,CUST-1458,Customer 319,North,Haryana,Office Supplies,Binders,Presentation Binder,1264.78,2,0.2,90.35
ORD-100118,2025-09-27,CUST-1647,Customer 498,East,Jharkhand,Technology,Laptops,ProBook 15,368442.13,4,0.15,81553.95
ORD-100119,2023-09-21,CUST-1235,Customer 267,West,Maharashtra,Furniture,Tables,Study Table,30503.6,3,0.05,5636.18
ORD-100120,2023-07-03,CUST-1152,Customer 90,North,Haryana,Office Supplies,Storage,Drawer Organizer,1951.8,1,0.05,474.31
ORD-100121,2025-12-30,CUST-1570,Customer 607,West,Rajasthan,Technology,Phones,SmartOne 12,37871.62,1,0.0,7291.19
ORD-100122,2025-05-16,CUST-1374,Customer 115,West,Rajasthan,Technology,Phones,Galaxy Max,39345.84,1,0.2,227.13
ORD-100123,2025-01-22,CUST-1444,Customer 474,South,Kerala,Furniture,Tables,Meeting Table,67466.18,3,0.25,9652.64
ORD-100124,2024-04-10,CUST-1442,Customer 541,West,Gujarat,Furniture,Chairs,Ergo Chair,6780.22,1,0.15,1567.02
ORD-100125,2025-03-31,CUST-1370,Customer 572,West,Goa,Technology,Laptops,UltraBook 14,275338.78,3,0.1,22880.38
ORD-100126,2023-03-16,CUST-1064,Customer 23,North,Punjab,Furniture,Chairs,Executive Chair,9262.91,1,0.0,2113.46
ORD-100127,2023-06-10,CUST-1028,Customer 61,East,Bihar,Technology,Accessories,Wireless Mouse,11778.21,4,0.15,2808.11
ORD-100128,2025-04-04,CUST-1267,Customer 143,South,Kerala,Technology,Accessories,Mechanical Keyboard,5194.75,2,0.15,699.31
ORD-100129,2023-04-05,CUST-1454,Customer 644,North,Haryana,Technology,Accessories,Webcam HD,5027.09,1,0.0,712.12
ORD-100130,2024-03-06,CUST-1307,Customer 427,North,Uttar Pradesh,Furniture,Tables,Compact Desk,80083.0,4,0.25,4883.56
ORD-100131,2024-08-26,CUST-1605,Customer 392,South,Karnataka,Furniture,Bookcases,Corner Shelf,13571.74,4,0.15,832.97
ORD-100132,2025-04-10,CUST-1085,Customer 340,South,Kerala,Technology,Phones,SmartOne 12,130004.52,4,0.1,14594.34
ORD-100133,2023-03-14,CUST-1505,Customer 112,South,Karnataka,Furniture,Tables,Compact Desk,27257.3,1,0.0,5414.58
ORD-100134,2025-10-22,CUST-1195,Customer 442,West,Maharashtra,Furniture,Tables,Compact Desk,19230.05,1,0.0,1826.12
ORD-100135,2024-04-08,CUST-1223,Customer 235,North,Uttar Pradesh,Technology,Phones,ProPhone X,58433.25,1,0.0,7227.69
ORD-100136,2024-10-31,CUST-1033,Customer 75,North,Haryana,Technology,Laptops,NotePro 16,83780.0,1,0.2,3897.19
ORD-100137,2025-04-06,CUST-1136,Customer 261,East,Odisha,Office Supplies,Paper,Color Paper,3231.03,3,0.1,194.38
ORD-100138,2025-06-02,CUST-1621,Customer 248,South,Karnataka,Furniture,Bookcases,Storage Cabinet,9543.62,1,0.25,813.99
ORD-100139,2023-12-18,CUST-1375,Customer 234,South,Andhra Pradesh,Technology,Laptops,WorkMate 13,99960.85,1,0.0,18547.35
ORD-100140,2025-10-12,CUST-1630,Customer 370,South,Karnataka,FURNITURE,Tables,Meeting Table,47731.13,4,0.05,7338.22
ORD-100141,2023-12-18,CUST-1325,Customer 471,South,Karnataka,Furniture,Tables,Meeting Table,12275.2,2,0.05,1082.6
ORD-100142,2025-04-08,CUST-1067,Customer 435,South,Andhra Pradesh,Furniture,Chairs,Visitor Chair,14344.88,1,0.15,2688.24
ORD-100143,2025-10-09,CUST-1593,Customer 366,North,Haryana,Technology,Accessories,Wireless Mouse,1423.96,2,0.0,294.04
ORD-100144,2024-06-28,CUST-1572,Customer 572,North,Punjab,Office Supplies,Storage,File Box,4061.26,2,0.0,511.98
ORD-100145,2023-06-26,CUST-1049,Customer 627,South,Andhra Pradesh,Technology,Laptops,WorkMate 13,203138.8,3,0.1,55263.03
ORD-100146,2025-08-20,CUST-1158,Customer 367,West,Goa,Furniture,Chairs,Visitor Chair,30139.85,2,0.0,4846.66
ORD-100147,2024-02-10,CUST-1044,Customer 185,West,Rajasthan,Furniture,Tables,Compact Desk,49327.03,2,0.0,11970.43
ORD-100148,2024-07-24,CUST-1073,Customer 245,South,Kerala,Technology,Accessories,Webcam HD,2377.71,2,0.15,484.38
ORD-100149,2024-07-26,CUST-1120,Customer 63,East,West Bengal,Furniture,Chairs,Visitor Chair,5421.35,1,0.0,700.18
ORD-100150,2025-12-03,CUST-1233,Customer 279,West,Maharashtra,Office Supplies,Binders,Lever Arch File,723.2,1,0.1,141.66
ORD-100151,2025-12-24,CUST-1339,Customer 587,South,Karnataka,Furniture,Chairs,Executive Chair,67199.27,5,0.0,8023.99
ORD-100152,2023-05-09,CUST-1044,Customer 596,North,Punjab,Office Supplies,Storage,Storage Bin,546.27,1,0.15,94.52
ORD-100153,2023-03-11,CUST-1128,Customer 627,East,Bihar,Furniture,Tables,Compact Desk,42386.39,5,0.05,4907.96
ORD-100154,2025-06-28,CUST-1599,Customer 518,North,Haryana,Office Supplies,Storage,Drawer Organizer,10095.62,5,0.15,799.52
ORD-100155,2025-12-01,CUST-1181,Customer 236,East,Odisha,Office Supplies,Binders,Ring Binder,1329.22,3,0.1,184.57
ORD-100156,2025-05-04,CUST-1559,Customer 134,South,Tamil Nadu,Technology,Phones,Galaxy Max,74839.02,2,0.2,2143.32
ORD-100157,2025-10-23,CUST-1606,Customer 42,West,Goa,Furniture,Chairs,Mesh Chair,16306.62,5,0.0,1391.42
ORD-100158,2024-08-11,CUST-1423,Customer 562,North,Delhi,Office Supplies,Binders,Ring Binder,2251.31,3,0.0,432.46
ORD-100159,2023-09-05,CUST-1274,Customer 119,West,Maharashtra,Technology,Laptops,ProBook 15,101397.18,2,0.2,17729.22
ORD-100160,2024-04-21,CUST-1495,Customer 123,South,Tamil Nadu,Furniture,Tables,Office Desk,7132.09,1,0.15,1893.1
ORD-100161,2024-07-10,CUST-1632,Customer 44,North,Haryana,Furniture,Tables,Office Desk,24964.94,2,0.25,2861.53
ORD-100162,2023-02-25,CUST-1466,Customer 40,East,West Bengal,Furniture,Chairs,Mesh Chair,73798.69,5,0.1,11761.97
ORD-100163,2024-04-14,CUST-1505,Customer 437,West,Rajasthan,Office Supplies,Binders,Presentation Binder,1495.92,3,0.2,105.03
ORD-100164,2025-06-09,CUST-1388,Customer 485,West,Rajasthan,Furniture,Tables,Study Table,27119.16,2,0.15,2700.09
ORD-100165,2025-03-30,CUST-1521,Customer 101,North,Punjab,Furniture,Chairs,Ergo Chair,16021.66,4,0.05,4324.1
ORD-100166,2025-08-25,CUST-1511,Customer 311,North,Punjab,Furniture,Chairs,Ergo Chair,13299.01,3,0.15,1759.02
ORD-100167,2023-05-20,CUST-1156,Customer 509,North,Punjab,Technology,Phones,SmartOne 12,36187.54,2,0.15,5813.83
ORD-100168,2025-06-18,CUST-1223,Customer 255,West,Maharashtra,Furniture,Bookcases,Steel Shelf,6424.45,1,0.05,1011.99
ORD-100169,2023-10-26,CUST-1585,Customer 154,South,Andhra Pradesh,Technology,Accessories,Wireless Mouse,1949.67,1,0.1,263.08
ORD-100170,2024-12-05,CUST-1327,Customer 515,West,Maharashtra,Furniture,Bookcases,Corner Shelf,44550.16,4,0.25,8024.95
ORD-100171,2024-06-07,CUST-1417,Customer 544,South,Andhra Pradesh,Technology,Phones,Galaxy Max,84937.34,2,0.05,15033.69
ORD-100172,2025-07-18,CUST-1486,Customer 175,North,Haryana,Office Supplies,Paper,A4 Paper Pack,4359.6,5,0.2,340.92
ORD-100173,2024-09-02,CUST-1409,Customer 618,East,Bihar,Technology,Accessories,Webcam HD,1573.52,1,0.0,99.65
ORD-100174,2023-07-30,CUST-1500,Customer 92,South,Tamil Nadu,Furniture,Bookcases,Corner Shelf,7137.59,1,0.15,1856.17
ORD-100175,2023-10-30,CUST-1454,Customer 165,East,Jharkhand,Technology,Accessories,Webcam HD,13607.63,5,0.05,2034.05
ORD-100176,2025-07-04,CUST-1573,Customer 26,West,Rajasthan,Technology,Accessories,USB-C Hub,3641.42,1,0.0,1014.64
ORD-100177,2023-04-08,CUST-1112,Customer 128,North,Uttar Pradesh,Office Supplies,Binders,Presentation Binder,728.72,2,0.15,68.09
ORD-100178,2024-12-04,CUST-1046,Customer 160,South,Karnataka,Office Supplies,Binders,Lever Arch File,1032.49,3,0.25,69.56
ORD-100179,2024-05-28,CUST-1124,Customer 518,East,West Bengal,Technology,Accessories,Mechanical Keyboard,3051.05,1,0.0,355.66
ORD-100180,2023-10-28,CUST-1604,Customer 147,West,Rajasthan,Technology,Accessories,USB-C Hub,5690.89,1,0.0,810.79
ORD-100181,2023-06-27,CUST-1399,Customer 554,West,Rajasthan,Technology,Laptops,UltraBook 14,129591.2,3,0.15,33823.43
ORD-100182,2025-08-08,CUST-1079,Customer 508,West,Maharashtra,Technology,Phones,Pixel Edge,96693.2,2,0.1,7687.83
ORD-100183,2025-08-18,CUST-1403,Customer 188,West,Maharashtra,Furniture,Bookcases,Oak Bookcase,31754.91,2,0.15,7060.74
ORD-100184,2024-07-07,CUST-1518,Customer 161,North,Uttar Pradesh,Furniture,Chairs,Mesh Chair,27923.95,2,0.05,7260.94
ORD-100185,2023-07-26,CUST-1254,Customer 229,West,Gujarat,Furniture,Bookcases,Storage Cabinet,37921.44,3,0.25,6903.85
ORD-100186,2023-04-13,CUST-1396,Customer 637,East,Bihar,Office Supplies,Binders,Ring Binder,580.86,2,0.2,109.33
ORD-100187,2024-01-05,CUST-1296,Customer 144,West,Goa,Office Supplies,Paper,A4 Paper Pack,1853.27,2,0.1,103.09
ORD-100188,2023-03-02,CUST-1563,Customer 34,East,Odisha,Furniture,Tables,Meeting Table,7685.14,2,0.2,495.47
ORD-100189,2025-03-28,CUST-1519,Customer 160,West,Rajasthan,Office Supplies,Paper,A4 Paper Pack,2925.17,4,0.0,670.54
ORD-100190,2025-02-17,CUST-1080,Customer 293,South,Karnataka,Office Supplies,Paper,Premium Paper,1865.61,3,0.15,297.59
ORD-100191,2025-06-08,CUST-1110,Customer 587,East,Odisha,Office Supplies,Paper,Color Paper,613.85,2,0.1,167.97
ORD-100192,2023-08-21,CUST-1057,Customer 49,West,Goa,Technology,Phones,SmartOne 12,21351.31,1,0.0,5928.39
ORD-100193,2025-04-28,CUST-1269,Customer 291,North,Haryana,Furniture,Bookcases,Oak Bookcase,36747.96,3,0.2,3943.93
ORD-100194,2025-05-23,CUST-1447,Customer 215,South,Tamil Nadu,Technology,Laptops,ProBook 15,53476.42,1,0.0,13030.93
ORD-100195,2025-04-18,CUST-1072,Customer 192,East,Bihar,Technology,Accessories,Webcam HD,8577.92,2,0.0,2223.85
ORD-100196,2024-11-12,CUST-1401,Customer 439,East,West Bengal,Furniture,Chairs,Executive Chair,8268.73,2,0.1,1732.42
ORD-100197,2024-03-24,CUST-1501,Customer 155,East,Bihar,Furniture,Chairs,Ergo Chair,9334.92,1,0.0,2061.79
ORD-100198,2024-06-01,CUST-1623,Customer 344,West,Gujarat,Office Supplies,Binders,Presentation Binder,1522.76,2,0.1,248.39
ORD-100199,2024-07-19,CUST-1333,Customer 293,East,Jharkhand,Technology,Accessories,Mechanical Keyboard,5142.86,2,0.2,411.33
ORD-100200,2023-01-01,CUST-1140,Customer 371,North,Punjab,Technology,Phones,Galaxy Max,89203.97,2,0.15,5119.8
ORD-100201,2024-11-17,CUST-1099,Customer 150,North,Delhi,Technology,Accessories,Mechanical Keyboard,4981.36,2,0.1,1119.4
ORD-100202,2025-07-20,CUST-1443,Customer 171,West,Goa,Office Supplies,Binders,Lever Arch File,1825.85,5,0.0,196.46
ORD-100203,2024-07-31,CUST-1434,Customer 542,East,Jharkhand,Office Supplies,Storage,File Box,5645.89,3,0.2,255.06
ORD-100204,2025-12-15,CUST-1413,Customer 356,South,Andhra Pradesh,Office Supplies,Binders,Lever Arch File,1196.28,4,0.15,148.09
ORD-100205,2024-03-23,CUST-1279,Customer 123,East,West Bengal,Furniture,Tables,Meeting Table,35903.17,3,0.05,2845.76
ORD-100206,2025-04-12,CUST-1165,Customer 427,West,Goa,Technology,Laptops,UltraBook 14,117454.22,2,0.0,10654.31
ORD-100207,2024-09-29,CUST-1148,Customer 290,South,Kerala,Technology,Phones,Pixel Edge,21508.11,1,0.15,4076.01
ORD-100208,2025-09-05,CUST-1443,Customer 98,South,Karnataka,Office Supplies,Paper,Premium Paper,1103.9,1,0.0,194.71
ORD-100209,2024-10-18,CUST-1501,Customer 234,North,Uttar Pradesh,Office Supplies,Binders,Ring Binder,1688.42,5,0.1,269.75
ORD-100210,2025-02-18,CUST-1410,Customer 505,North,Haryana,Technology,Phones,SmartOne 12,43441.6,1,0.1,8270.97
ORD-100211,2024-06-04,CUST-1373,Customer 296,West,Maharashtra,Technology,Accessories,Webcam HD,1394.67,2,0.05,141.46
ORD-100212,2025-10-11,CUST-1331,Customer 8,South,Tamil Nadu,Office Supplies,Paper,Premium Paper,174.29,1,0.2,32.35
ORD-100213,2025-11-29,CUST-1609,Customer 400,West,Rajasthan,Office Supplies,Storage,File Box,4339.07,2,0.0,829.55
ORD-100214,2025-03-21,CUST-1469,Customer 332,South,Kerala,Technology,Laptops,WorkMate 13,83872.37,1,0.15,13307.84
ORD-100215,2024-02-09,CUST-1338,Customer 478,South,Andhra Pradesh,Office Supplies,Storage,File Box,1320.63,1,0.0,352.33
ORD-100216,2025-07-22,CUST-1061,Customer 451,North,Uttar Pradesh,Technology,Accessories,Wireless Mouse,5037.02,1,0.1,550.62
ORD-100217,2025-01-08,CUST-1091,Customer 186,West,Rajasthan,Technology,Phones,Galaxy Max,80678.73,2,0.0,18020.99
ORD-100218,2025-07-12,CUST-1448,Customer 319,South,Tamil Nadu,Furniture,Bookcases,Steel Shelf,23309.55,2,0.25,82.78
ORD-100219,2023-02-21,CUST-1352,Customer 340,North,Punjab,Furniture,Chairs,Ergo Chair,9336.7,1,0.0,1356.64
ORD-100220,2024-02-14,CUST-1218,Customer 297,South,Karnataka,Furniture,Chairs,Executive Chair,8140.65,3,0.0,871.93
ORD-100221,2024-08-04,CUST-1555,Customer 274,South,Andhra Pradesh,Technology,Accessories,Webcam HD,6666.47,2,0.0,862.05
ORD-100222,2023-01-25,CUST-1326,Customer 412,North,Delhi,Office Supplies,Storage,File Box,1575.18,2,0.15,364.08
ORD-100223,2024-05-02,CUST-1123,Customer 11,West,Goa,Technology,Accessories,Mechanical Keyboard,4699.14,2,0.0,1302.41
ORD-100224,2024-06-09,CUST-1471,Customer 615,South,Tamil Nadu,Technology,Accessories,Wireless Mouse,5490.3,5,0.1,339.83
ORD-100225,2024-04-09,CUST-1572,Customer 328,South,Andhra Pradesh,Technology,Laptops,WorkMate 13,388206.49,4,0.1,42521.11
ORD-100226,2025-07-26,CUST-1459,Customer 196,West,Maharashtra,Technology,Laptops,ProBook 15,194831.15,2,0.1,18098.09
ORD-100227,2025-01-15,CUST-1260,Customer 227,North,Punjab,Technology,Laptops,WorkMate 13,46546.56,1,0.15,6130.19
ORD-100228,2025-07-23,CUST-1481,Customer 26,East,Odisha,Technology,Laptops,UltraBook 14,205013.69,2,0.0,26407.73
ORD-100229,2025-03-29,CUST-1098,Customer 462,South,Kerala,Technology,Phones,Galaxy Max,52729.45,1,0.15,9992.36
ORD-100230,2023-06-28,CUST-1225,Customer 10,East,Bihar,Technology,Accessories,USB-C Hub,2661.33,2,0.1,508.36
ORD-100231,2023-04-29,CUST-1177,Customer 126,West,Rajasthan,Technology,Phones,Pixel Edge,18564.97,1,0.05,2121.08
ORD-100232,2023-12-26,CUST-1389,Customer 645,South,Karnataka,Technology,Laptops,ProBook 15,50158.57,1,0.0,11236.99
ORD-100233,2023-12-11,CUST-1110,Customer 283,West,Maharashtra,Furniture,Tables,Compact Desk,66175.26,3,0.15,16938.62
ORD-100234,2025-10-15,CUST-1086,Customer 23,West,Rajasthan,Technology,Accessories,Wireless Mouse,3551.62,1,0.25,42.9
ORD-100235,2025-07-28,CUST-1428,Customer 292,West,Rajasthan,Furniture,Bookcases,Corner Shelf,10604.17,1,0.05,633.76
ORD-100236,2025-08-21,CUST-1033,Customer 272,South,Andhra Pradesh,Furniture,Tables,Office Desk,12060.2,1,0.2,907.47
ORD-100237,2024-01-21,CUST-1435,Customer 631,South,Karnataka,Technology,Laptops,NotePro 16,183907.51,2,0.05,20054.38
ORD-100238,2023-06-05,CUST-1205,Customer 172,West,Gujarat,Office Supplies,Storage,File Box,4200.2,2,0.0,774.34
ORD-100239,2025-03-01,CUST-1330,Customer 333,West,Goa,Furniture,Chairs,Executive Chair,13631.82,1,0.1,893.31
ORD-100240,2025-10-24,CUST-1216,Customer 467,South,Tamil Nadu,Technology,Laptops,ProBook 15,236979.77,4,0.0,43878.24
ORD-100241,2025-12-31,CUST-1583,Customer 75,South,Karnataka,Technology,Phones,Galaxy Max,65074.68,2,0.2,15414.67
ORD-100242,2024-01-25,CUST-1558,Customer 165,West,Rajasthan,Technology,Accessories,Mechanical Keyboard,2935.97,2,0.05,753.45
ORD-100243,2024-12-17,CUST-1577,Customer 487,East,Bihar,Technology,Phones,ProPhone X,40354.19,2,0.1,10833.72
ORD-100244,2024-02-08,CUST-1353,Customer 166,West,Gujarat,Technology,Phones,Pixel Edge,39614.33,2,0.05,5341.68
ORD-100245,2024-11-18,CUST-1010,Customer 247,South,Tamil Nadu,Technology,Phones,SmartOne 12,81877.77,2,0.05,18629.48
ORD-100246,2025-09-24,CUST-1350,Customer 642,East,Odisha,Furniture,Bookcases,Oak Bookcase,34314.99,3,0.0,7227.19
ORD-100247,2023-05-19,CUST-1388,Customer 409,South,Tamil Nadu,Furniture,Chairs,Ergo Chair,37025.6,3,0.1,9254.67
ORD-100248,2025-08-10,CUST-1487,Customer 422,East,Odisha,Office Supplies,Storage,Drawer Organizer,698.21,1,0.1,173.07
ORD-100249,2025-02-10,CUST-1054,Customer 130,South,Tamil Nadu,Technology,Phones,Galaxy Max,59737.35,1,0.0,13486.81
ORD-100250,2024-10-31,CUST-1400,Customer 29,South,Tamil Nadu,Office Supplies,Storage,Drawer Organizer,735.21,2,0.05,159.95
ORD-100251,2025-04-09,CUST-1511,Customer 340,North,Uttar Pradesh,Office Supplies,Storage,File Box,2267.1,2,0.1,282.63
ORD-100252,2025-12-26,CUST-1096,Customer 187,South,Karnataka,Office Supplies,Binders,Lever Arch File,271.25,1,0.05,35.53
ORD-100253,2025-10-04,CUST-1190,Customer 171,North,Delhi,Furniture,Bookcases,Corner Shelf,10960.56,1,0.0,750.4
ORD-100254,2024-09-20,CUST-1199,Customer 91,West,Gujarat,Technology,Phones,ProPhone X,64271.8,2,0.1,15435.22
ORD-100255,2024-02-10,CUST-1336,Customer 474,South,Tamil Nadu,Office Supplies,Storage,Storage Bin,1349.4,2,0.0,88.93
ORD-100256,2025-08-03,CUST-1353,Customer 555,South,Tamil Nadu,Technology,Accessories,Webcam HD,2522.64,4,0.0,158.79
ORD-100257,2025-05-21,CUST-1371,Customer 540,South,Karnataka,Furniture,Tables,Meeting Table,53489.5,2,0.1,4521.46
ORD-100258,2024-12-30,CUST-1227,Customer 339,North,Punjab,Office Supplies,Binders,Ring Binder,1322.2,3,0.05,177.59
ORD-100259,2023-10-02,CUST-1373,Customer 87,South,Karnataka,Technology,Phones,Pixel Edge,117977.8,2,0.0,22237.34
ORD-100260,2023-06-15,CUST-1175,Customer 30,East,Jharkhand,Technology,Accessories,Mechanical Keyboard,4692.38,1,0.0,1300.04
ORD-100261,2025-04-08,CUST-1631,Customer 168,West,Maharashtra,Furniture,Chairs,Executive Chair,23450.87,2,0.0,6519.02
ORD-100262,2024-10-15,CUST-1132,Customer 161,North,Haryana,Furniture,Chairs,Mesh Chair,41652.7,3,0.15,9802.04
ORD-100263,2025-10-18,CUST-1226,Customer 70,East,Bihar,Technology,Phones,Galaxy Max,84588.5,3,0.25,10521.43
ORD-100264,2025-10-17,CUST-1099,Customer 586,South,Andhra Pradesh,Technology,Laptops,NotePro 16,92399.09,1,0.0,6679.99
ORD-100265,2024-11-23,CUST-1304,Customer 210,East,West Bengal,Furniture,Chairs,Visitor Chair,34767.81,3,0.15,6425.8
ORD-100266,2024-12-29,CUST-1004,Customer 132,East,West Bengal,Furniture,Bookcases,Oak Bookcase,37326.64,2,0.15,3243.29
ORD-100267,2023-02-23,CUST-1403,Customer 469,East,Odisha,Furniture,Tables,Office Desk,34586.96,2,0.1,6958.44
ORD-100268,2024-08-12,CUST-1634,Customer 568,East,Odisha,Furniture,Bookcases,Storage Cabinet,17106.79,2,0.0,2930.43
ORD-100269,2023-09-01,CUST-1192,Customer 221,East,Odisha,Furniture,Chairs,Ergo Chair,29831.36,3,0.15,5549.03
ORD-100270,2024-07-23,CUST-1104,Customer 243,South,Andhra Pradesh,Office Supplies,Storage,Drawer Organizer,1229.23,2,0.0,116.03
ORD-100271,2023-04-26,CUST-1520,Customer 522,West,Gujarat,Technology,Laptops,NotePro 16,108376.21,2,0.15,24674.7
ORD-100272,2024-03-16,CUST-1417,Customer 138,North,Uttar Pradesh,Office Supplies,Binders,Ring Binder,650.2,1,0.2,76.05
ORD-100273,2025-01-18,CUST-1389,Customer 612,West,Rajasthan,Technology,Laptops,WorkMate 13,237106.91,5,0.15,14763.41
ORD-100274,2024-05-22,CUST-1206,Customer 544,West,Maharashtra,Furniture,Tables,Compact Desk,13031.15,2,0.0,1349.09
ORD-100275,2023-08-24,CUST-1189,Customer 593,North,Delhi,Furniture,Chairs,Visitor Chair,7384.9,1,0.1,1432.79
ORD-100276,2025-06-27,CUST-1342,Customer 11,North,Uttar Pradesh,Office Supplies,Storage,Storage Bin,4606.92,3,0.1,961.99
ORD-100277,2024-02-18,CUST-1337,Customer 221,West,Goa,Office Supplies,Binders,Ring Binder,477.35,1,0.1,71.85
ORD-100278,2025-11-29,CUST-1157,Customer 325,South,Tamil Nadu,Technology,Laptops,UltraBook 14,54194.68,1,0.05,9481.96
ORD-100279,2025-01-29,CUST-1530,Customer 402,East,Jharkhand,Technology,Accessories,USB-C Hub,2897.94,1,0.05,165.56
ORD-100280,2024-10-23,CUST-1052,Customer 648,East,West Bengal,Furniture,Bookcases,Corner Shelf,10698.22,2,0.0,2146.59
ORD-100281,2025-06-25,CUST-1603,Customer 80,North,Haryana,Office Supplies,Binders,Lever Arch File,1210.58,2,0.1,299.69
ORD-100282,2023-03-26,CUST-1132,Customer 108,West,Gujarat,Office Supplies,Paper,Premium Paper,645.26,1,0.0,81.88
ORD-100283,2025-09-05,CUST-1322,Customer 58,South,Tamil Nadu,Office Supplies,Binders,Lever Arch File,1114.63,3,0.0,289.87
ORD-100284,2024-03-26,CUST-1066,Customer 94,South,Andhra Pradesh,Office Supplies,Storage,Drawer Organizer,5285.56,3,0.1,302.67
ORD-100285,2024-01-20,CUST-1056,Customer 177,East,Jharkhand,Furniture,Chairs,Ergo Chair,34472.55,4,0.15,7851.67
ORD-100286,2025-06-21,CUST-1585,Customer 372,South,Karnataka,Office Supplies,Paper,Premium Paper,3710.71,4,0.2,98.73
ORD-100287,2023-11-13,CUST-1353,Customer 410,South,Kerala,Technology,Laptops,UltraBook 14,72242.37,1,0.0,18362.94
ORD-100288,2023-08-18,CUST-1644,Customer 374,East,West Bengal,Furniture,Tables,Study Table,90528.77,4,0.0,20350.55
ORD-100289,2025-03-10,CUST-1115,Customer 274,West,Gujarat,Office Supplies,Paper,Premium Paper,2825.13,3,0.1,786.55
ORD-100290,2025-10-12,CUST-1204,Customer 547,West,Gujarat,Furniture,Bookcases,Storage Cabinet,9827.88,2,0.1,1001.74
ORD-100291,2024-06-22,CUST-1196,Customer 400,South,Andhra Pradesh,Technology,Laptops,UltraBook 14,96620.6,3,0.2,12963.81
ORD-100292,2024-09-29,CUST-1042,Customer 222,South,Karnataka,Furniture,Tables,Meeting Table,45474.69,2,0.1,10072.6
ORD-100293,2024-09-30,CUST-1111,Customer 166,West,Rajasthan,Technology,Accessories,Wireless Mouse,1541.32,1,0.15,315.08
ORD-100294,2025-08-17,CUST-1613,Customer 256,South,Tamil Nadu,Technology,Accessories,Wireless Mouse,5649.05,5,0.2,1223.54
ORD-100295,2024-03-01,CUST-1202,Customer 150,West,Goa,Furniture,Bookcases,Oak Bookcase,31022.02,3,0.15,7919.03
ORD-100296,2023-09-28,CUST-1216,Customer 328,North,Haryana,Office Supplies,Binders,Ring Binder,795.42,1,0.0,81.19
ORD-100297,2024-07-15,CUST-1165,Customer 482,West,Gujarat,Furniture,Chairs,Mesh Chair,25251.83,3,0.05,2237.96
ORD-100298,2025-09-05,CUST-1358,Customer 177,West,Gujarat,Technology,Phones,Galaxy Max,41882.64,1,0.05,5312.46
ORD-100299,2025-02-13,CUST-1138,Customer 498,South,Andhra Pradesh,Furniture,Chairs,Executive Chair,31176.67,2,0.0,2813.54
ORD-100300,2023-07-24,CUST-1346,Customer 545,South,Karnataka,Technology,Accessories,Webcam HD,3478.27,2,0.0,753.12
ORD-100301,2025-08-11,CUST-1488,Customer 598,North,Haryana,Office Supplies,Storage,Storage Bin,3710.77,3,0.15,742.68
ORD-100302,2025-11-01,CUST-1184,Customer 106,North,Haryana,Technology,Phones,Galaxy Max,97805.49,2,0.15,27183.09
ORD-100303,2025-04-06,CUST-1343,Customer 88,West,Maharashtra,Technology,Accessories,Wireless Mouse,5989.08,2,0.1,657.25
ORD-100304,2024-01-21,CUST-1375,Customer 608,North,Uttar Pradesh,Furniture,Chairs,Ergo Chair,11174.24,1,0.15,1944.42
ORD-100305,2025-03-21,CUST-1552,Customer 230,South,Kerala,Technology,Accessories,Mechanical Keyboard,15674.66,5,0.15,3043.33
ORD-100306,2024-06-23,CUST-1415,Customer 214,East,Jharkhand,Office Supplies,Storage,File Box,505.67,1,0.1,53.75
ORD-100307,2023-02-19,CUST-1309,Customer 364,West,Goa,Technology,Phones,ProPhone X,67583.45,4,0.15,3818.95
ORD-100308,2025-10-08,CUST-1633,Customer 638,South,Andhra Pradesh,Furniture,Tables,Office Desk,4594.6,1,0.15,1239.84
ORD-100309,2025-06-09,CUST-1131,Customer 538,West,Maharashtra,Technology,Laptops,NotePro 16,206523.44,3,0.0,32309.3
ORD-100310,2023-10-24,CUST-1353,Customer 285,East,Odisha,Furniture,Tables,Meeting Table,48920.94,2,0.0,7318.06
ORD-100311,2023-09-12,CUST-1180,Customer 281,South,Andhra Pradesh,Furniture,Chairs,Visitor Chair,7084.98,1,0.15,973.86
ORD-100312,2025-10-26,CUST-1636,Customer 270,West,Gujarat,Office Supplies,Paper,A4 Paper Pack,2559.03,3,0.1,397.46
ORD-100313,2024-03-30,CUST-1145,Customer 24,East,West Bengal,Technology,Phones,SmartOne 12,41967.09,1,0.05,11081.98
ORD-100314,2023-10-01,CUST-1214,Customer 344,East,Jharkhand,Technology,Laptops,ProBook 15,55592.77,1,0.0,7910.88
ORD-100315,2024-08-25,CUST-1320,Customer 612,North,Delhi,Technology,Phones,SmartOne 12,51166.25,2,0.1,2843.45
ORD-100316,2025-12-11,CUST-1254,Customer 634,North,Haryana,Technology,Phones,Pixel Edge,115874.67,2,0.1,8150.73
ORD-100317,2024-02-25,CUST-1433,Customer 422,North,Uttar Pradesh,Furniture,Tables,Office Desk,119695.18,4,0.0,16422.03
ORD-100318,2024-09-14,CUST-1076,Customer 297,West,Rajasthan,Office Supplies,Paper,Premium Paper,2200.16,3,0.0,450.83
ORD-100319,2023-02-07,CUST-1392,Customer 39,North,Uttar Pradesh,Office Supplies,Paper,Color Paper,466.84,3,0.25,12.41
ORD-100320,2024-02-05,CUST-1466,Customer 574,East,Odisha,Furniture,Bookcases,Steel Shelf,19821.48,3,0.1,3558.37
ORD-100321,2023-04-05,CUST-1085,Customer 530,East,Jharkhand,Technology,Laptops,WorkMate 13,108996.94,1,0.0,11027.32
ORD-100322,2023-12-22,CUST-1122,Customer 97,North,Haryana,Technology,Phones,ProPhone X,133062.39,3,0.25,2491.14
ORD-100323,2023-06-22,CUST-1426,Customer 631,West,Goa,Technology,Laptops,WorkMate 13,98373.93,1,0.05,22957.55
ORD-100324,2024-08-18,CUST-1165,Customer 305,North,Haryana,Technology,Laptops,NotePro 16,148272.96,2,0.05,13665.31
ORD-100325,2024-07-08,CUST-1397,Customer 569,East,Odisha,Office Supplies,Paper,Color Paper,2457.0,3,0.1,527.54
ORD-100326,2024-10-26,CUST-1605,Customer 105,East,Jharkhand,Technology,Phones,Galaxy Max,19810.58,1,0.05,3491.5
ORD-100327,2023-12-06,CUST-1086,Customer 137,East,Bihar,Office Supplies,Storage,File Box,2412.63,2,0.1,484.16
ORD-100328,2024-10-13,CUST-1427,Customer 384,West,Goa,Office Supplies,Paper,Premium Paper,241.81,1,0.15,55.16
ORD-100329,2023-11-18,CUST-1569,Customer 461,North,Punjab,Office Supplies,Paper,A4 Paper Pack,3053.85,4,0.15,348.38
ORD-100330,2023-09-15,CUST-1113,Customer 205,West,Maharashtra,Technology,Phones,SmartOne 12,68491.98,2,0.15,12415.41
ORD-100331,2024-10-22,CUST-1248,Customer 150,North,Punjab,Office Supplies,Paper,A4 Paper Pack,449.58,2,0.15,48.73
ORD-100332,2023-01-06,CUST-1437,Customer 498,West,Maharashtra,Furniture,Bookcases,Storage Cabinet,9472.33,1,0.1,2487.29
ORD-100333,2024-05-20,CUST-1536,Customer 422,South,Karnataka,Office Supplies,Storage,File Box,2033.0,3,0.2,463.64
ORD-100334,2024-11-07,CUST-1521,Customer 288,West,Rajasthan,Furniture,Tables,Meeting Table,11017.38,1,0.0,2065.64
ORD-100335,2024-05-03,CUST-1205,Customer 11,South,Tamil Nadu,Technology,Accessories,Wireless Mouse,9047.9,2,0.0,1385.64
ORD-100336,2025-08-10,CUST-1502,Customer 174,West,Maharashtra,Office Supplies,Storage,File Box,6247.61,4,0.05,1187.21
ORD-100337,2025-05-05,CUST-1484,Customer 356,North,Delhi,Furniture,Chairs,Executive Chair,16192.35,3,0.05,2498.99
ORD-100338,2025-07-20,CUST-1208,Customer 254,West,Gujarat,Office Supplies,Storage,File Box,1819.99,5,0.1,125.98
ORD-100339,2023-08-03,CUST-1376,Customer 216,South,Tamil Nadu,Office Supplies,Paper,A4 Paper Pack,3574.02,5,0.15,734.41
ORD-100340,2023-11-27,CUST-1308,Customer 412,East,Odisha,Office Supplies,Paper,A4 Paper Pack,727.98,1,0.15,111.96
ORD-100341,2023-10-27,CUST-1040,Customer 124,North,Uttar Pradesh,Technology,Accessories,Webcam HD,2205.79,1,0.05,340.71
ORD-100342,2025-01-25,CUST-1449,Customer 28,North,Punjab,Technology,Laptops,WorkMate 13,461623.04,5,0.1,33519.75
ORD-100343,2023-03-04,CUST-1302,Customer 648,East,Bihar,Office Supplies,Storage,Drawer Organizer,2756.93,3,0.05,247.56
ORD-100344,2025-03-16,CUST-1195,Customer 231,North,Punjab,Furniture,Bookcases,Oak Bookcase,16560.37,3,0.2,-94.76
ORD-100345,2023-03-18,CUST-1613,Customer 93,North,Punjab,Technology,Phones,ProPhone X,26135.06,1,0.2,5176.08
ORD-100346,2023-04-16,CUST-1428,Customer 437,East,West Bengal,Furniture,Tables,Office Desk,19707.49,1,0.0,5457.32
ORD-100347,2023-02-14,CUST-1406,Customer 610,East,Bihar,Furniture,Bookcases,Steel Shelf,13606.76,4,0.05,2267.76
ORD-100348,2023-03-05,CUST-1374,Customer 188,South,Andhra Pradesh,Technology,Laptops,UltraBook 14,84834.75,1,0.15,7037.78
ORD-100349,2025-02-06,CUST-1367,Customer 101,North,Haryana,Furniture,Chairs,Executive Chair,31642.58,3,0.05,2266.96
ORD-100350,2025-10-01,CUST-1137,Customer 72,West,Rajasthan,Office Supplies,Storage,Storage Bin,2920.2,3,0.2,79.07
ORD-100351,2025-05-16,CUST-1397,Customer 9,North,Haryana,Office Supplies,Binders,Presentation Binder,1421.85,2,0.0,187.12
ORD-100352,2025-06-08,CUST-1637,Customer 441,South,Tamil Nadu,Technology,Phones,Galaxy Max,62559.76,3,0.15,14751.7
ORD-100353,2024-04-26,CUST-1010,Customer 87,North,Punjab,Furniture,Tables,Office Desk,5938.4,1,0.1,521.26
ORD-100354,2023-12-20,CUST-1085,Customer 75,West,Maharashtra,Technology,Phones,Galaxy Max,220321.85,4,0.1,26214.5
ORD-100355,2025-08-21,CUST-1438,Customer 25,East,Odisha,Office Supplies,Binders,Lever Arch File,847.14,2,0.25,53.35
ORD-100356,2024-09-11,CUST-1009,Customer 311,West,Maharashtra,Technology,Phones,SmartOne 12,50717.47,1,0.0,3373.15
ORD-100357,2025-04-16,CUST-1112,Customer 418,South,Tamil Nadu,Technology,Phones,Pixel Edge,315525.09,5,0.0,58938.63
ORD-100358,2024-06-13,CUST-1308,Customer 22,East,Bihar,Office Supplies,Storage,File Box,1009.98,2,0.05,204.89
ORD-100359,2024-12-01,CUST-1301,Customer 230,South,Tamil Nadu,Technology,Phones,Pixel Edge,60042.82,3,0.1,8986.97
ORD-100360,2024-06-17,CUST-1085,Customer 18,East,Bihar,Furniture,Tables,Office Desk,71916.24,5,0.15,11522.51
ORD-100361,2025-12-31,CUST-1306,Customer 390,West,Gujarat,Technology,Phones,Pixel Edge,62725.85,3,0.0,3504.2
ORD-100362,2024-08-21,CUST-1564,Customer 67,North,Delhi,Office Supplies,Storage,Drawer Organizer,837.41,2,0.05,183.91
ORD-100363,2024-04-20,CUST-1605,Customer 265,North,Uttar Pradesh,Technology,Phones,Pixel Edge,118326.23,3,0.15,28964.02
ORD-100364,2025-10-31,CUST-1121,Customer 229,West,Goa,Technology,Laptops,UltraBook 14,53200.55,1,0.0,7146.86
ORD-100365,2024-07-24,CUST-1454,Customer 327,East,Bihar,Technology,Accessories,Webcam HD,2323.57,2,0.15,171.5
ORD-100366,2025-04-28,CUST-1015,Customer 214,East,Jharkhand,Furniture,Bookcases,Storage Cabinet,11295.67,2,0.0,665.39
ORD-100367,2024-06-10,CUST-1178,Customer 381,South,Karnataka,Furniture,Tables,Compact Desk,33128.1,3,0.1,4294.37
ORD-100368,2025-01-30,CUST-1343,Customer 24,East,West Bengal,Technology,Phones,Galaxy Max,116186.91,3,0.0,29665.12
ORD-100369,2024-04-10,CUST-1090,Customer 564,West,Maharashtra,Furniture,Chairs,Mesh Chair,7641.07,1,0.2,1774.85
ORD-100370,2025-01-21,CUST-1258,Customer 455,West,Rajasthan,Technology,Laptops,WorkMate 13,108712.65,2,0.2,9073.26
ORD-100371,2025-10-12,CUST-1553,Customer 45,West,Rajasthan,Office Supplies,Paper,Color Paper,891.96,1,0.0,177.53
ORD-100372,2025-08-20,CUST-1470,Customer 66,West,Gujarat,Office Supplies,Binders,Ring Binder,914.71,3,0.1,152.18
ORD-100373,2023-03-01,CUST-1465,Customer 38,East,Jharkhand,Furniture,Chairs,Mesh Chair,12110.49,1,0.0,2797.05
ORD-100374,2024-12-23,CUST-1567,Customer 572,West,Gujarat,Technology,Accessories,Mechanical Keyboard,6815.29,2,0.0,476.13
ORD-100375,2024-09-03,CUST-1643,Customer 214,West,Gujarat,Furniture,Bookcases,Oak Bookcase,23298.96,5,0.05,4176.26
ORD-100376,2023-10-17,CUST-1096,Customer 219,South,Karnataka,Furniture,Chairs,Executive Chair,8147.6,1,0.0,2054.52
ORD-100377,2025-06-19,CUST-1103,,East,Bihar,Technology,Accessories,Webcam HD,1364.74,3,0.1,79.25
ORD-100378,2023-01-23,CUST-1251,Customer 188,West,Gujarat,Office Supplies,Storage,File Box,5499.98,3,0.1,283.49
ORD-100379,2023-11-27,CUST-1304,Customer 267,West,Maharashtra,Furniture,Bookcases,Steel Shelf,17438.14,2,0.25,1738.56
ORD-100380,2025-09-23,CUST-1052,Customer 545,East,Bihar,Office Supplies,Binders,Lever Arch File,1733.8,4,0.1,367.92
ORD-100381,2025-01-11,CUST-1645,Customer 2,East,Bihar,Office Supplies,Storage,File Box,4189.27,3,0.0,776.28
ORD-100382,2025-06-13,CUST-1585,Customer 270,West,Rajasthan,Technology,Laptops,WorkMate 13,164228.12,3,0.15,40476.74
ORD-100383,2025-02-26,CUST-1301,Customer 181,East,Odisha,Furniture,Chairs,Visitor Chair,27097.23,2,0.1,5601.42
ORD-100384,2025-11-30,CUST-1045,Customer 354,West,Rajasthan,Office Supplies,Storage,File Box,5578.53,4,0.15,499.83
ORD-100385,2023-05-01,CUST-1606,Customer 100,West,Rajasthan,Office Supplies,Binders,Presentation Binder,853.64,2,0.1,64.0
ORD-100386,2023-01-19,CUST-1395,Customer 149,West,Goa,Technology,Laptops,NotePro 16,175768.89,2,0.0,40940.86
ORD-100387,2025-09-01,CUST-1274,Customer 313,East,Jharkhand,Technology,Phones,SmartOne 12,45738.63,2,0.2,3551.54
ORD-100388,2025-08-04,CUST-1025,Customer 520,West,Maharashtra,Office Supplies,Paper,Premium Paper,1366.53,2,0.05,160.25
ORD-100389,2024-07-17,CUST-1190,Customer 633,South,Kerala,Furniture,Bookcases,Steel Shelf,54630.09,3,0.1,5049.05
ORD-100390,2025-07-06,CUST-1577,Customer 290,West,Goa,Furniture,Bookcases,Corner Shelf,10367.16,2,0.15,1250.51
ORD-100391,2023-10-09,CUST-1407,Customer 262,South,Kerala,Office Supplies,Binders,Lever Arch File,2172.91,3,0.0,504.48
ORD-100392,2024-03-03,CUST-1039,Customer 214,East,Odisha,Office Supplies,Storage,Storage Bin,1604.3,2,0.15,376.84
ORD-100393,2025-12-29,CUST-1171,Customer 85,West,Gujarat,Technology,Phones,SmartOne 12,200672.5,4,0.2,22796.92
ORD-100394,2023-01-05,CUST-1231,Customer 427,South,Andhra Pradesh,Office Supplies,Paper,Color Paper,379.01,1,0.05,38.63
ORD-100395,2024-10-22,CUST-1184,Customer 627,South,Kerala,Office Supplies,Binders,Presentation Binder,768.94,3,0.05,95.14
ORD-100396,2025-07-04,CUST-1594,Customer 418,East,West Bengal,Furniture,Chairs,Ergo Chair,43794.07,3,0.1,8962.94
ORD-100397,2024-10-18,CUST-1047,Customer 141,North,Delhi,Office Supplies,Paper,Premium Paper,471.26,2,0.1,112.67
ORD-100398,2023-02-03,CUST-1180,Customer 228,West,Rajasthan,Technology,Laptops,WorkMate 13,116656.15,3,0.0,26113.7
ORD-100399,2023-11-22,CUST-1567,Customer 54,South,Karnataka,Office Supplies,Paper,Color Paper,382.99,1,0.05,47.13
ORD-100400,2023-03-04,CUST-1162,Customer 273,North,Uttar Pradesh,Office Supplies,Binders,Lever Arch File,654.01,1,0.2,112.39
ORD-100401,2024-09-23,CUST-1600,Customer 514,North,Punjab,Technology,Phones,ProPhone X,57463.15,2,0.1,7444.1
ORD-100402,2023-11-01,CUST-1472,Customer 317,West,Gujarat,Furniture,Chairs,Executive Chair,4377.97,1,0.15,647.56
ORD-100403,2025-11-09,CUST-1405,Customer 60,North,Uttar Pradesh,Technology,Phones,SmartOne 12,37674.74,2,0.05,7085.22
ORD-100404,2023-11-25,CUST-1056,Customer 159,East,West Bengal,Furniture,Bookcases,Steel Shelf,11455.49,1,0.0,2900.18
ORD-100405,2023-06-17,CUST-1465,Customer 564,East,Jharkhand,Technology,Accessories,Wireless Mouse,4954.98,2,0.15,1084.47
ORD-100406,2025-07-22,CUST-1382,Customer 309,West,Goa,Office Supplies,Storage,Storage Bin,7017.48,4,0.15,1859.47
ORD-100407,2024-04-17,CUST-1366,Customer 462,East,Bihar,Office Supplies,Binders,Ring Binder,2222.11,3,0.15,238.32
ORD-100408,2024-09-20,CUST-1308,Customer 472,West,Rajasthan,Office Supplies,Storage,Drawer Organizer,4889.84,2,0.0,531.3
ORD-100409,2023-07-27,CUST-1132,Customer 163,West,Goa,Technology,Laptops,ProBook 15,150336.99,4,0.1,32309.59
ORD-100410,2023-04-04,CUST-1242,Customer 224,West,Goa,Technology,Phones,Pixel Edge,95961.01,2,0.1,15052.31
ORD-100411,2023-06-30,CUST-1522,Customer 38,South,Karnataka,Office Supplies,Paper,A4 Paper Pack,1369.85,5,0.05,146.85
ORD-100412,2024-12-26,CUST-1304,Customer 516,West,Goa,Technology,Laptops,UltraBook 14,257026.89,3,0.2,35338.19
ORD-100413,2025-04-10,CUST-1271,Customer 148,South,Karnataka,Technology,Accessories,Webcam HD,25493.18,5,0.0,6745.12
ORD-100414,2023-05-21,CUST-1006,Customer 16,East,Bihar,Office Supplies,Storage,Drawer Organizer,1338.63,2,0.15,166.92
ORD-100415,2024-12-12,CUST-1177,Customer 135,North,Delhi,Furniture,Tables,Study Table,31665.66,3,0.05,1696.76
ORD-100416,2023-06-22,CUST-1608,Customer 370,South,Kerala,Technology,Phones,ProPhone X,167338.25,3,0.1,39086.65
ORD-100417,2024-04-17,CUST-1520,Customer 547,North,Uttar Pradesh,Technology,Laptops,WorkMate 13,100776.5,2,0.1,20935.41
ORD-100418,2023-02-04,CUST-1522,Customer 609,West,Gujarat,Furniture,Tables,Study Table,29806.02,3,0.1,3737.78
ORD-100419,2024-03-29,CUST-1640,Customer 26,East,Bihar,Furniture,Tables,Compact Desk,29328.75,2,0.05,6091.18
ORD-100420,2024-12-05,CUST-1243,Customer 477,West,Gujarat,Furniture,Chairs,Visitor Chair,46888.41,3,0.1,7826.57
ORD-100421,2024-04-09,CUST-1171,Customer 143,East,Bihar,Technology,Phones,Galaxy Max,34556.39,1,0.05,6527.32
ORD-100422,2023-03-31,CUST-1143,Customer 618,West,Maharashtra,Office Supplies,Binders,Lever Arch File,1313.86,2,0.0,169.56
ORD-100423,2024-11-10,CUST-1530,Customer 78,South,Karnataka,Technology,Laptops,UltraBook 14,95525.73,2,0.05,7226.51
ORD-100424,2025-11-10,CUST-1303,Customer 464,West,Rajasthan,Technology,Laptops,UltraBook 14,84370.28,1,0.05,21966.46
ORD-100425,2025-12-17,CUST-1314,Customer 336,South,Karnataka,Technology,Accessories,USB-C Hub,6083.99,4,0.2,139.73
ORD-100426,2023-12-07,CUST-1477,Customer 527,East,Jharkhand,Furniture,Bookcases,Corner Shelf,14115.62,2,0.0,1171.18
ORD-100427,2025-01-02,CUST-1019,Customer 309,East,West Bengal,Technology,Laptops,WorkMate 13,182462.92,3,0.2,34283.91
ORD-100428,2023-12-01,CUST-1318,Customer 142,West,Gujarat,Technology,Laptops,UltraBook 14,152162.25,2,0.1,22674.54
ORD-100429,2023-08-16,CUST-1061,Customer 592,West,Maharashtra,Office Supplies,Binders,Ring Binder,1388.67,2,0.1,113.78
ORD-100430,2023-02-09,CUST-1262,Customer 324,East,Jharkhand,Furniture,Tables,Study Table,24528.8,2,0.05,4888.43
ORD-100431,2023-07-29,CUST-1483,Customer 60,North,Punjab,Technology,Phones,Pixel Edge,118881.63,2,0.0,11679.52
ORD-100432,2025-11-17,CUST-1131,Customer 643,West,Goa,Furniture,Chairs,Executive Chair,15166.35,5,0.15,2828.04
ORD-100433,2023-12-12,CUST-1218,Customer 59,West,Rajasthan,Technology,Phones,SmartOne 12,26240.24,1,0.15,3393.37
ORD-100434,2023-06-07,CUST-1375,Customer 50,South,Kerala,Furniture,Chairs,Ergo Chair,52946.25,5,0.0,5046.06
ORD-100435,2024-06-24,CUST-1136,Customer 153,North,Uttar Pradesh,Technology,Phones,Galaxy Max,116183.63,3,0.0,21341.4
ORD-100436,2024-05-26,CUST-1546,Customer 211,South,Tamil Nadu,Technology,Phones,ProPhone X,240158.32,5,0.25,29411.96
ORD-100437,2024-05-11,CUST-1614,Customer 554,South,Tamil Nadu,Technology,Phones,Pixel Edge,103313.4,2,0.0,13651.48
ORD-100438,2024-06-26,CUST-1647,Customer 113,South,Karnataka,Technology,Laptops,UltraBook 14,80916.75,1,0.0,8955.12
ORD-100439,2024-08-23,CUST-1581,Customer 145,West,Rajasthan,Furniture,Chairs,Executive Chair,3473.94,1,0.1,750.0
ORD-100440,2025-05-22,CUST-1420,Customer 589,North,Punjab,Office Supplies,Paper,Color Paper,3883.15,5,0.1,622.88
ORD-100441,2024-08-21,CUST-1346,Customer 247,South,Tamil Nadu,Furniture,Tables,Office Desk,11539.14,1,0.05,2824.46
ORD-100442,2023-05-29,CUST-1222,Customer 173,West,Goa,Office Supplies,Binders,Presentation Binder,1241.46,4,0.1,131.03
ORD-100443,2025-01-03,CUST-1120,Customer 191,South,Tamil Nadu,Office Supplies,Storage,File Box,3819.65,2,0.1,937.42
ORD-100444,2025-11-25,CUST-1088,Customer 513,West,Maharashtra,Office Supplies,Binders,Lever Arch File,1768.81,3,0.0,136.76
ORD-100445,2023-07-18,CUST-1062,Customer 19,South,Kerala,Office Supplies,Storage,Storage Bin,2201.85,2,0.1,198.63
ORD-100446,2023-06-21,CUST-1069,Customer 202,South,Karnataka,Furniture,Tables,Office Desk,21145.6,2,0.05,4604.08
ORD-100447,2024-11-07,CUST-1373,Customer 544,East,Jharkhand,Furniture,Bookcases,Oak Bookcase,5367.6,1,0.0,1212.58
ORD-100448,2024-10-09,CUST-1382,Customer 429,North,Delhi,Technology,Phones,ProPhone X,154387.35,3,0.15,18195.97
ORD-100449,2023-04-15,CUST-1204,Customer 210,East,Odisha,Office Supplies,Paper,Color Paper,2844.08,3,0.15,481.43
ORD-100450,2025-04-21,CUST-1338,Customer 315,West,Goa,Furniture,Bookcases,Steel Shelf,17555.3,1,0.1,2161.7
ORD-100451,2024-02-27,CUST-1364,Customer 519,West,Rajasthan,Office Supplies,Storage,Drawer Organizer,7206.48,5,0.0,1154.71
ORD-100452,2024-04-13,CUST-1051,Customer 557,West,Rajasthan,Furniture,Bookcases,Oak Bookcase,6978.27,2,0.1,1156.3
ORD-100453,2024-08-02,CUST-1038,Customer 21,East,West Bengal,Technology,Accessories,Wireless Mouse,2953.82,1,0.05,321.07
ORD-100454,2023-10-01,CUST-1034,Customer 5,East,Jharkhand,Technology,Laptops,NotePro 16,126987.9,2,0.1,23315.03
ORD-100455,2023-08-16,CUST-1106,Customer 416,West,Maharashtra,Furniture,Chairs,Ergo Chair,30077.19,2,0.05,4245.78
ORD-100456,2024-08-10,CUST-1464,Customer 513,South,Kerala,Technology,Phones,SmartOne 12,76832.16,2,0.25,18539.64
ORD-100457,2024-12-17,CUST-1225,Customer 315,East,Odisha,Office Supplies,Binders,Presentation Binder,834.83,4,0.15,176.04
ORD-100458,2023-05-27,CUST-1646,Customer 360,West,Goa,Technology,Accessories,Webcam HD,849.82,1,0.1,183.94
ORD-100459,2023-05-09,CUST-1045,Customer 525,West,Goa,Furniture,Chairs,Visitor Chair,16346.46,4,0.0,1588.25
ORD-100460,2025-04-03,CUST-1495,Customer 455,North,Delhi,Office Supplies,Binders,Presentation Binder,486.6,1,0.0,46.99
ORD-100461,2024-09-14,CUST-1166,Customer 445,South,Tamil Nadu,Technology,Laptops,WorkMate 13,34287.01,1,0.15,9410.27
ORD-100462,2023-06-17,CUST-1266,Customer 167,North,Punjab,Technology,Phones,SmartOne 12,37080.5,1,0.2,1378.86
ORD-100463,2025-04-27,CUST-1299,Customer 350,West,Rajasthan,Office Supplies,Paper,Premium Paper,584.31,1,0.0,145.89
ORD-100464,2024-06-06,CUST-1202,Customer 14,East,Bihar,Office Supplies,Storage,File Box,1494.9,2,0.15,368.54
ORD-100465,2023-06-14,CUST-1547,Customer 20,North,Haryana,Technology,Accessories,Mechanical Keyboard,4638.6,1,0.1,307.31
ORD-100466,2025-11-17,CUST-1459,Customer 333,South,Kerala,Technology,Accessories,USB-C Hub,18974.21,4,0.05,3941.88
ORD-100467,2025-04-09,CUST-1060,Customer 138,South,Karnataka,Office Supplies,Storage,File Box,9338.54,5,0.1,2319.41
ORD-100468,2023-11-13,CUST-1508,Customer 85,North,Haryana,Office Supplies,Binders,Presentation Binder,1249.57,3,0.0,239.38
ORD-100469,2023-08-26,CUST-1126,Customer 49,West,Goa,Office Supplies,Paper,Color Paper,1279.55,5,0.1,83.19
ORD-100470,2024-05-02,CUST-1162,Customer 465,East,Bihar,Technology,Accessories,Wireless Mouse,7711.81,2,0.1,1222.4
ORD-100471,2023-05-18,CUST-1016,Customer 339,West,Gujarat,Technology,Laptops,UltraBook 14,200447.52,2,0.05,38949.48
ORD-100472,2023-01-04,CUST-1383,Customer 536,West,Maharashtra,Office Supplies,Paper,A4 Paper Pack,1580.58,2,0.2,320.1
ORD-100473,2023-08-09,CUST-1149,Customer 599,East,West Bengal,Technology,Laptops,NotePro 16,181217.02,2,0.0,44074.36
ORD-100474,2024-06-03,CUST-1517,Customer 333,North,Haryana,Technology,Accessories,Webcam HD,2401.08,4,0.0,133.83
ORD-100475,2024-09-15,CUST-1295,Customer 571,West,Goa,Technology,Phones,Galaxy Max,53237.93,1,0.15,12041.76
ORD-100476,2023-03-16,CUST-1558,Customer 619,South,Karnataka,Technology,Accessories,Webcam HD,16225.94,3,0.0,3392.15
ORD-100477,2023-09-24,CUST-1388,Customer 77,South,Kerala,Office Supplies,Binders,Presentation Binder,1591.39,2,0.1,352.15
ORD-100478,2024-04-18,CUST-1611,Customer 384,South,Andhra Pradesh,Technology,Laptops,WorkMate 13,73403.15,1,0.0,6466.49
ORD-100479,2025-09-09,CUST-1141,Customer 307,North,Punjab,Technology,Accessories,USB-C Hub,2034.52,1,0.1,207.05
ORD-100480,2023-06-19,CUST-1171,Customer 338,West,Rajasthan,Technology,Accessories,USB-C Hub,4335.09,3,0.1,974.82
ORD-100481,2023-07-17,CUST-1506,Customer 486,East,West Bengal,Furniture,Tables,Study Table,72707.6,3,0.0,16980.26
ORD-100482,2024-10-14,CUST-1320,Customer 242,North,Haryana,Furniture,Chairs,Visitor Chair,61038.87,4,0.05,5346.32
ORD-100483,2023-10-09,CUST-1440,Customer 332,North,Haryana,Technology,Accessories,USB-C Hub,1557.49,3,0.1,78.68
ORD-100484,2023-09-08,CUST-1092,Customer 154,South,Kerala,Furniture,Chairs,Ergo Chair,10249.68,2,0.05,838.06
ORD-100485,2025-06-30,CUST-1249,Customer 154,North,Uttar Pradesh,Office Supplies,Paper,Color Paper,1381.25,2,0.1,332.34
ORD-100486,2023-12-11,CUST-1321,Customer 319,South,Karnataka,Technology,Phones,SmartOne 12,74089.16,4,0.2,8332.99
ORD-100487,2025-12-03,CUST-1442,Customer 97,East,Bihar,Office Supplies,Paper,Premium Paper,1965.55,3,0.1,249.39
ORD-100488,2024-04-06,CUST-1562,Customer 99,East,Odisha,Office Supplies,Paper,Color Paper,2221.77,2,0.05,200.47
ORD-100489,2023-09-16,CUST-1609,Customer 323,North,Punjab,Office Supplies,Binders,Presentation Binder,2416.51,4,0.05,143.33
ORD-100490,2025-06-27,CUST-1463,Customer 157,East,Odisha,Technology,Laptops,WorkMate 13,372122.75,5,0.1,86256.21
ORD-100491,2023-05-03,CUST-1137,Customer 648,West,Rajasthan,Office Supplies,Paper,A4 Paper Pack,652.43,1,0.1,160.24
ORD-100492,2024-06-08,CUST-1501,Customer 402,North,Delhi,Technology,Phones,Pixel Edge,86746.06,2,0.2,610.22
ORD-100493,2024-03-27,CUST-1505,Customer 336,South,Tamil Nadu,Technology,Phones,Pixel Edge,28139.96,1,0.15,5219.04
ORD-100494,2023-11-26,CUST-1476,Customer 56,West,Goa,Technology,Phones,ProPhone X,102352.61,2,0.05,10891.46
ORD-100495,2025-03-14,CUST-1646,Customer 358,South,Andhra Pradesh,Office Supplies,Storage,Drawer Organizer,3058.4,2,0.15,317.78
ORD-100496,2024-06-11,CUST-1456,Customer 92,West,Rajasthan,Furniture,Chairs,Visitor Chair,25652.73,2,0.0,6390.3
ORD-100497,2025-12-20,CUST-1133,Customer 164,South,Andhra Pradesh,Technology,Phones,SmartOne 12,58746.52,2,0.05,16178.96
ORD-100498,2025-01-18,CUST-1560,Customer 501,East,Odisha,Technology,Phones,SmartOne 12,25302.55,1,0.15,5607.14
ORD-100499,2025-12-21,CUST-1366,Customer 430,East,Odisha,Office Supplies,Paper,Premium Paper,962.85,1,0.05,83.66
ORD-100500,2024-09-23,CUST-1547,Customer 124,West,Maharashtra,Furniture,Chairs,Visitor Chair,8036.19,2,0.2,505.03
ORD-100501,2023-03-24,CUST-1438,Customer 437,West,Goa,Furniture,Chairs,Mesh Chair,39965.66,3,0.15,11018.15
ORD-100502,2024-12-06,CUST-1022,Customer 132,West,Maharashtra,Office Supplies,Binders,Ring Binder,2090.21,4,0.0,455.37
ORD-100503,2023-07-19,CUST-1418,Customer 642,North,Delhi,Furniture,Bookcases,Oak Bookcase,28551.45,2,0.05,7488.86
ORD-100504,2025-07-28,CUST-1280,Customer 198,East,Odisha,Technology,Accessories,Webcam HD,5852.91,1,0.0,1455.92
ORD-100505,2023-11-11,CUST-1184,Customer 140,East,Bihar,Technology,Laptops,WorkMate 13,61645.28,1,0.1,10344.25
ORD-100506,2023-04-30,CUST-1115,Customer 173,West,Goa,Office Supplies,Binders,Lever Arch File,1015.39,3,0.15,96.34
ORD-100507,2023-10-25,CUST-1111,Customer 115,South,Tamil Nadu,Technology,Laptops,WorkMate 13,181581.85,3,0.0,37885.77
ORD-100508,2024-06-03,CUST-1124,Customer 140,North,Haryana,Technology,Phones,ProPhone X,61517.97,1,0.05,16070.41
ORD-100509,2025-05-29,CUST-1264,Customer 574,South,Andhra Pradesh,Office Supplies,Binders,Lever Arch File,462.55,1,0.0,115.69
ORD-100510,2025-01-21,CUST-1067,Customer 266,North,Uttar Pradesh,Technology,Laptops,ProBook 15,148432.35,4,0.1,27197.03
ORD-100511,2023-10-27,CUST-1023,Customer 430,West,Goa,Office Supplies,Binders,Presentation Binder,167.38,1,0.05,19.2
ORD-100512,2023-03-26,CUST-1503,Customer 648,North,Delhi,Technology,Phones,Galaxy Max,64602.8,4,0.2,10374.4
ORD-100513,2025-07-27,CUST-1516,Customer 556,South,Tamil Nadu,Furniture,Chairs,Executive Chair,16984.95,3,0.1,3689.36
ORD-100514,2024-06-08,CUST-1496,Customer 223,South,Karnataka,Technology,Accessories,Wireless Mouse,9989.68,2,0.15,1520.47
ORD-100515,2023-04-05,CUST-1300,Customer 160,South,Karnataka,Technology,Phones,Pixel Edge,68562.23,2,0.0,15942.29
ORD-100516,2023-08-01,CUST-1271,Customer 291,East,Odisha,Furniture,Bookcases,Oak Bookcase,23170.15,2,0.1,1950.52
ORD-100517,2023-03-18,CUST-1503,Customer 267,East,Bihar,Furniture,Chairs,Visitor Chair,11082.15,2,0.15,2096.64
ORD-100518,2023-09-17,CUST-1225,Customer 86,South,Karnataka,Technology,Accessories,USB-C Hub,14449.65,4,0.15,887.11
ORD-100519,2025-05-03,CUST-1378,Customer 402,East,Bihar,Technology,Phones,SmartOne 12,19712.3,1,0.0,2994.91
ORD-100520,2024-08-03,CUST-1308,Customer 270,West,Goa,Technology,Phones,ProPhone X,110580.95,2,0.1,19387.61
ORD-100521,2024-07-03,CUST-1349,Customer 429,West,Gujarat,Office Supplies,Paper,A4 Paper Pack,1131.72,2,0.2,129.56
ORD-100522,2024-12-06,CUST-1512,Customer 49,East,Bihar,Office Supplies,Paper,A4 Paper Pack,1293.16,2,0.0,66.46
ORD-100523,2024-12-19,CUST-1617,Customer 565,South,Karnataka,Technology,Phones,Pixel Edge,91599.29,2,0.25,9764.89
ORD-100524,2025-01-20,CUST-1326,Customer 206,South,Kerala,Technology,Accessories,Wireless Mouse,4016.53,2,0.0,1083.41
ORD-100525,2025-07-12,CUST-1205,Customer 301,North,Uttar Pradesh,Furniture,Chairs,Mesh Chair,15485.22,3,0.1,938.33
ORD-100526,2024-10-13,CUST-1562,Customer 331,West,Goa,Technology,Accessories,USB-C Hub,6023.3,2,0.1,1244.55
ORD-100527,2023-09-17,CUST-1292,Customer 179,West,Rajasthan,Technology,Laptops,UltraBook 14,137571.95,2,0.1,29488.13
ORD-100528,2024-03-16,CUST-1120,Customer 386,East,Odisha,Technology,Accessories,Mechanical Keyboard,4586.12,1,0.05,1188.1
ORD-100529,2023-12-31,CUST-1534,Customer 102,South,Tamil Nadu,Office Supplies,Storage,File Box,1294.63,4,0.0,101.35
ORD-100530,2024-04-15,CUST-1278,Customer 89,West,Gujarat,Technology,Laptops,WorkMate 13,86150.69,2,0.05,17304.28
ORD-100531,2025-06-01,CUST-1446,Customer 410,West,Maharashtra,Office Supplies,Paper,A4 Paper Pack,1149.57,1,0.0,179.91
ORD-100532,2025-08-29,CUST-1389,Customer 191,North,Haryana,Furniture,Chairs,Ergo Chair,10849.66,1,0.15,830.13
ORD-100533,2024-04-20,CUST-1189,Customer 361,South,Tamil Nadu,Furniture,Tables,Meeting Table,16316.81,1,0.15,2764.76
ORD-100534,2024-02-03,CUST-1455,Customer 559,North,Haryana,Technology,Accessories,Webcam HD,3433.19,1,0.1,440.37
ORD-100535,2024-03-07,CUST-1340,Customer 175,West,Goa,Furniture,Chairs,Visitor Chair,34240.63,5,0.0,5193.77
ORD-100536,2024-07-08,CUST-1578,Customer 117,East,West Bengal,Technology,Laptops,NotePro 16,246201.38,4,0.15,28646.34
ORD-100537,2025-08-21,CUST-1142,Customer 303,West,Maharashtra,Furniture,Bookcases,Steel Shelf,6382.8,1,0.15,496.15
ORD-100538,2025-06-12,CUST-1643,Customer 254,South,Andhra Pradesh,Technology,Accessories,Wireless Mouse,15017.95,3,0.1,2159.92
ORD-100539,2024-06-03,CUST-1235,Customer 187,North,Haryana,Office Supplies,Paper,Premium Paper,1369.92,2,0.0,294.3
ORD-100540,2023-10-02,CUST-1638,Customer 411,West,Goa,Office Supplies,Binders,Ring Binder,1268.54,3,0.0,274.77
ORD-100541,2024-10-14,CUST-1308,Customer 510,North,Punjab,Technology,Accessories,Wireless Mouse,22066.63,5,0.1,4124.07
ORD-100542,2025-03-24,CUST-1338,Customer 158,East,Bihar,Technology,Accessories,Mechanical Keyboard,1314.62,1,0.25,43.27
ORD-100543,2023-06-24,CUST-1007,Customer 241,South,Kerala,Technology,Accessories,USB-C Hub,3412.63,2,0.05,177.88
ORD-100544,2024-11-17,CUST-1266,Customer 268,South,Kerala,Furniture,Chairs,Mesh Chair,15227.06,1,0.05,2800.23
ORD-100545,2025-09-28,CUST-1159,Customer 200,South,Kerala,Office Supplies,Paper,A4 Paper Pack,2042.96,4,0.0,177.62
ORD-100546,2025-10-04,CUST-1318,Customer 231,South,Kerala,Technology,Laptops,UltraBook 14,99120.88,1,0.0,21000.45
ORD-100547,2024-05-31,CUST-1169,Customer 499,East,Odisha,Technology,Phones,Pixel Edge,50855.42,2,0.1,10296.87
ORD-100548,2025-04-28,CUST-1397,Customer 346,North,Uttar Pradesh,Furniture,Chairs,Mesh Chair,22297.22,3,0.15,2319.75
ORD-100549,2023-11-16,CUST-1387,Customer 598,North,Uttar Pradesh,Technology,Accessories,Wireless Mouse,6848.41,2,0.1,1031.45
ORD-100550,2024-11-26,CUST-1335,Customer 17,West,Rajasthan,Furniture,Bookcases,Steel Shelf,17026.13,2,0.1,3169.6
ORD-100551,2024-07-29,CUST-1365,Customer 575,North,Uttar Pradesh,Technology,Accessories,Webcam HD,10853.04,2,0.0,1017.17
ORD-100552,2023-12-13,CUST-1526,Customer 540,West,Maharashtra,Technology,Phones,ProPhone X,123401.02,2,0.05,12688.1
ORD-100553,2024-04-07,CUST-1036,Customer 358,North,Haryana,Technology,Accessories,Webcam HD,9985.02,2,0.0,1130.08
ORD-100554,2023-07-04,CUST-1184,Customer 334,East,Jharkhand,Technology,Laptops,WorkMate 13,43575.13,1,0.05,11418.51
ORD-100555,2024-07-05,CUST-1388,Customer 640,East,West Bengal,Technology,Laptops,UltraBook 14,65508.5,1,0.05,10895.29
ORD-100556,2024-01-19,CUST-1233,Customer 34,North,Punjab,Technology,Laptops,UltraBook 14,235804.04,3,0.0,34389.95
ORD-100557,2024-04-01,CUST-1543,Customer 224,West,Maharashtra,Office Supplies,Binders,Presentation Binder,1744.86,4,0.05,391.79
ORD-100558,2025-01-25,CUST-1532,Customer 192,South,Tamil Nadu,Furniture,Bookcases,Oak Bookcase,49581.6,3,0.15,8902.32
ORD-100559,2024-05-08,CUST-1226,Customer 112,North,Uttar Pradesh,Office Supplies,Binders,Ring Binder,505.87,1,0.05,122.64
ORD-100560,2023-05-08,CUST-1264,Customer 329,East,Jharkhand,Office Supplies,Storage,File Box,7152.28,4,0.1,446.07
ORD-100561,2024-08-30,CUST-1507,Customer 596,East,Bihar,Furniture,Chairs,Executive Chair,18623.93,2,0.0,1847.09
ORD-100562,2023-08-29,CUST-1556,Customer 148,West,Maharashtra,Technology,Phones,Galaxy Max,66402.72,2,0.2,2679.15
ORD-100563,2023-12-16,CUST-1503,Customer 315,West,Rajasthan,Furniture,Tables,Study Table,97692.51,4,0.05,25014.93
ORD-100564,2023-04-07,CUST-1273,Customer 212,West,Goa,Furniture,Chairs,Ergo Chair,6945.66,2,0.0,353.23
ORD-100565,2025-12-22,CUST-1200,Customer 477,East,Odisha,Technology,Laptops,NotePro 16,264532.23,4,0.0,52704.02
ORD-100566,2023-12-30,CUST-1483,Customer 114,South,Karnataka,Technology,Accessories,Webcam HD,13782.57,3,0.1,837.66
ORD-100567,2024-07-06,CUST-1158,Customer 439,North,Delhi,Technology,Phones,ProPhone X,64963.59,2,0.1,3296.11
ORD-100568,2024-08-04,CUST-1483,Customer 80,North,Delhi,Technology,Accessories,USB-C Hub,13846.65,4,0.1,2863.08
ORD-100569,2024-04-30,CUST-1450,Customer 112,East,West Bengal,Office Supplies,Storage,Storage Bin,2540.35,2,0.15,277.36
ORD-100570,2023-01-22,CUST-1565,Customer 160,North,Punjab,Technology,Laptops,WorkMate 13,32377.68,1,0.2,639.79
ORD-100571,2024-05-06,CUST-1322,Customer 67,West,Goa,Technology,Accessories,USB-C Hub,4221.32,2,0.0,330.17
ORD-100572,2024-06-10,CUST-1059,Customer 154,East,Jharkhand,Technology,Phones,SmartOne 12,36418.21,2,0.0,3437.3
ORD-100573,2024-03-19,CUST-1457,Customer 285,West,Maharashtra,Technology,Accessories,Mechanical Keyboard,4084.48,3,0.1,305.39
ORD-100574,2023-12-02,CUST-1271,Customer 131,East,Odisha,Technology,Phones,ProPhone X,43824.59,1,0.1,7325.7
ORD-100575,2023-03-10,CUST-1648,Customer 392,North,Haryana,Furniture,Bookcases,Corner Shelf,14795.9,1,0.15,3720.25
ORD-100576,2024-12-14,CUST-1166,Customer 33,South,Andhra Pradesh,Technology,Laptops,NotePro 16,202849.44,2,0.0,27333.49
ORD-100577,2024-06-21,CUST-1640,Customer 492,South,Andhra Pradesh,Office Supplies,Storage,File Box,8462.03,5,0.2,1733.2
ORD-100578,2025-03-12,CUST-1616,Customer 130,East,Jharkhand,Technology,Accessories,USB-C Hub,28138.46,5,0.05,3855.71
ORD-100579,2023-12-03,CUST-1255,Customer 435,North,Delhi,Furniture,Bookcases,Storage Cabinet,22409.78,2,0.05,5566.87
ORD-100580,2023-09-22,CUST-1489,Customer 472,West,Goa,Office Supplies,Binders,Lever Arch File,565.51,1,0.0,108.05
ORD-100581,2025-12-30,CUST-1646,Customer 164,South,Tamil Nadu,Furniture,Chairs,Ergo Chair,6867.39,1,0.0,1015.31
ORD-100582,2024-03-10,CUST-1516,Customer 413,South,Karnataka,Technology,Laptops,UltraBook 14,52413.16,1,0.2,5256.2
ORD-100583,2023-06-10,CUST-1170,Customer 483,West,Gujarat,Technology,Phones,Galaxy Max,61720.18,2,0.2,3896.09
ORD-100584,2025-04-30,CUST-1568,Customer 221,South,Karnataka,Technology,Phones,SmartOne 12,153854.48,3,0.1,17499.4
ORD-100585,2023-11-23,CUST-1496,Customer 133,North,Haryana,Furniture,Bookcases,Storage Cabinet,14748.9,1,0.15,2997.29
ORD-100586,2024-12-14,CUST-1186,Customer 533,West,Gujarat,Furniture,Bookcases,Corner Shelf,46461.74,4,0.2,4832.48
ORD-100587,2025-09-13,CUST-1015,Customer 206,East,West Bengal,Technology,Phones,Pixel Edge,114326.99,4,0.25,18365.55
ORD-100588,2024-10-16,CUST-1105,Customer 141,North,Punjab,Technology,Accessories,USB-C Hub,4860.18,3,0.15,1049.62
ORD-100589,2025-05-08,CUST-1128,Customer 124,West,Maharashtra,Furniture,Chairs,Visitor Chair,14576.11,1,0.0,1017.12
ORD-100590,2024-02-29,CUST-1200,Customer 203,South,Karnataka,Furniture,Bookcases,Steel Shelf,51858.44,5,0.1,7502.78
ORD-100591,2025-01-17,CUST-1255,Customer 475,South,Karnataka,Technology,Accessories,USB-C Hub,1240.67,1,0.05,219.76
ORD-100592,2025-06-15,CUST-1455,Customer 473,South,Tamil Nadu,Technology,Phones,Galaxy Max,28531.42,1,0.15,2665.08
ORD-100593,2023-06-11,CUST-1018,Customer 4,South,Karnataka,Office Supplies,Paper,Premium Paper,1309.92,2,0.05,302.14
ORD-100594,2025-06-14,CUST-1527,Customer 428,West,Maharashtra,Office Supplies,Binders,Ring Binder,1504.73,4,0.1,228.52
ORD-100595,2025-06-28,CUST-1103,Customer 533,South,Karnataka,Technology,Accessories,USB-C Hub,1084.4,1,0.2,11.92
ORD-100596,2025-06-25,CUST-1025,Customer 374,West,Gujarat,Technology,Accessories,Wireless Mouse,5311.44,2,0.1,272.72
ORD-100597,2024-08-04,CUST-1416,Customer 446,West,Goa,Office Supplies,Paper,Premium Paper,352.73,1,0.1,22.79
ORD-100598,2023-03-02,CUST-1436,Customer 63,North,Delhi,Office Supplies,Paper,A4 Paper Pack,870.55,3,0.15,147.32
ORD-100599,2023-08-16,CUST-1341,Customer 373,East,Bihar,Office Supplies,Paper,Color Paper,1228.79,3,0.0,188.89
ORD-100600,2024-01-20,CUST-1407,Customer 268,West,Goa,Technology,Phones,SmartOne 12,97426.21,2,0.2,21816.65
ORD-100601,2023-09-17,CUST-1147,Customer 16,West,Rajasthan,Furniture,Chairs,Visitor Chair,10212.62,2,0.2,2383.82
ORD-100602,2023-05-04,CUST-1566,Customer 511,South,Andhra Pradesh,Furniture,Chairs,Mesh Chair,19485.7,3,0.2,872.02
ORD-100603,2024-05-28,CUST-1313,Customer 126,East,Odisha,Furniture,Chairs,Ergo Chair,35414.47,2,0.0,3204.65
ORD-100604,2023-10-01,CUST-1605,Customer 200,North,Haryana,Furniture,Tables,Meeting Table,19251.16,2,0.15,5015.05
ORD-100605,2024-01-12,CUST-1244,Customer 489,North,Delhi,Office Supplies,Storage,Storage Bin,3826.28,4,0.1,930.21
ORD-100606,2023-01-02,CUST-1026,Customer 358,South,Tamil Nadu,Technology,Laptops,WorkMate 13,359471.0,5,0.1,67571.57
ORD-100607,2025-01-05,CUST-1401,Customer 115,South,Tamil Nadu,Furniture,Bookcases,Storage Cabinet,8911.87,2,0.05,1163.47
ORD-100608,2023-12-31,CUST-1408,Customer 66,East,Odisha,Technology,Accessories,USB-C Hub,16835.72,3,0.0,2250.68
ORD-100609,2024-12-26,CUST-1528,Customer 13,North,Uttar Pradesh,Technology,Accessories,USB-C Hub,5335.81,1,0.0,448.46
ORD-100610,2023-05-21,CUST-1304,Customer 454,South,Karnataka,Technology,Accessories,Wireless Mouse,22009.89,5,0.15,4908.03
ORD-100611,2025-02-24,CUST-1611,Customer 399,South,Kerala,Office Supplies,Paper,Color Paper,2225.79,5,0.1,361.9
ORD-100612,2023-01-11,CUST-1117,Customer 374,South,Kerala,Furniture,Bookcases,Corner Shelf,36778.2,2,0.1,5338.58
ORD-100613,2025-09-10,CUST-1309,Customer 389,South,Andhra Pradesh,Technology,Laptops,ProBook 15,276269.99,4,0.1,17470.73
ORD-100614,2025-02-18,CUST-1097,Customer 287,South,Karnataka,Technology,Accessories,Mechanical Keyboard,3554.27,1,0.1,363.15
ORD-100615,2024-04-30,CUST-1570,Customer 396,West,Goa,Technology,Laptops,WorkMate 13,145966.13,2,0.1,7647.39
ORD-100616,2023-11-29,CUST-1557,Customer 74,West,Rajasthan,Technology,Accessories,USB-C Hub,5628.07,2,0.0,373.48
ORD-100617,2023-02-22,CUST-1034,Customer 245,East,Bihar,Office Supplies,Paper,Premium Paper,1894.25,2,0.05,436.26
ORD-100618,2023-03-31,CUST-1476,Customer 385,East,Jharkhand,Furniture,Chairs,Visitor Chair,,2,0.0,4933.09
ORD-100619,2025-09-26,CUST-1340,Customer 11,South,Karnataka,Technology,Phones,Galaxy Max,159288.21,3,0.0,23297.82
ORD-100620,2025-02-01,CUST-1378,Customer 565,East,West Bengal,Technology,Phones,Pixel Edge,39109.58,1,0.2,7216.26
ORD-100621,2025-09-17,CUST-1545,Customer 564,South,Kerala,Furniture,Tables,Study Table,21253.69,1,0.1,2871.62
ORD-100622,2024-04-05,CUST-1068,Customer 580,South,Andhra Pradesh,Furniture,Chairs,Visitor Chair,5526.8,1,0.0,1254.28
ORD-100623,2025-07-26,CUST-1433,Customer 556,East,West Bengal,Furniture,Chairs,Mesh Chair,12597.87,3,0.05,3239.63
ORD-100624,2023-03-11,CUST-1290,Customer 546,North,Punjab,Technology,Accessories,Webcam HD,7506.04,3,0.1,1935.72
ORD-100625,2024-08-26,CUST-1334,Customer 538,North,Haryana,Office Supplies,Binders,Presentation Binder,969.46,5,0.15,92.69
ORD-100626,2025-04-16,CUST-1503,Customer 574,West,Maharashtra,Technology,Phones,Galaxy Max,59774.37,1,0.0,13993.39
ORD-100627,2023-11-24,CUST-1317,Customer 619,East,Jharkhand,Office Supplies,Paper,A4 Paper Pack,704.66,1,0.2,159.71
ORD-100628,2024-02-22,CUST-1235,Customer 443,East,Jharkhand,Office Supplies,Storage,File Box,5489.25,3,0.1,1406.88
ORD-100629,2025-11-27,CUST-1216,Customer 490,North,Delhi,Office Supplies,Paper,Premium Paper,2912.24,5,0.0,654.45
ORD-100630,2024-06-24,CUST-1223,Customer 485,North,Punjab,Technology,Laptops,WorkMate 13,41001.46,1,0.0,10640.1
ORD-100631,2024-01-28,CUST-1102,Customer 570,West,Goa,Technology,Laptops,NotePro 16,172843.94,2,0.05,40497.85
ORD-100632,2023-02-11,CUST-1248,Customer 648,South,Andhra Pradesh,Technology,Laptops,ProBook 15,241095.27,3,0.1,16913.62
ORD-100633,2023-09-24,CUST-1493,Customer 533,West,Maharashtra,Office Supplies,Binders,Lever Arch File,1826.4,3,0.2,345.06
ORD-100634,2025-04-26,CUST-1371,Customer 258,East,Odisha,Technology,Phones,Pixel Edge,163731.52,3,0.1,33025.59
ORD-100635,2024-09-10,CUST-1238,Customer 41,South,Andhra Pradesh,Office Supplies,Binders,Presentation Binder,1154.21,2,0.15,278.14
ORD-100636,2025-01-14,CUST-1272,Customer 132,West,Goa,Technology,Laptops,WorkMate 13,255244.29,3,0.1,30388.64
ORD-100637,2025-07-15,CUST-1307,Customer 447,South,Karnataka,Furniture,Tables,Meeting Table,40564.93,3,0.0,3506.24
ORD-100638,2025-01-05,CUST-1150,Customer 63,South,Karnataka,Office Supplies,Binders,Lever Arch File,608.02,1,0.05,107.24
ORD-100639,2023-08-06,CUST-1097,Customer 301,West,Goa,Furniture,Tables,Office Desk,20974.34,2,0.05,3785.94
ORD-100640,2023-04-20,CUST-1277,Customer 29,West,Rajasthan,Technology,Accessories,USB-C Hub,11812.05,3,0.25,240.67
ORD-100641,2024-08-30,CUST-1451,Customer 478,West,Goa,Furniture,Tables,Meeting Table,4317.61,1,0.1,857.4
ORD-100642,2025-02-23,CUST-1374,Customer 78,East,Bihar,Office Supplies,Paper,Premium Paper,837.11,1,0.0,97.58
ORD-100643,2024-10-27,CUST-1139,Customer 146,North,Delhi,Furniture,Chairs,Mesh Chair,5827.34,1,0.15,708.94
ORD-100644,2023-02-16,CUST-1076,Customer 629,West,Rajasthan,Furniture,Bookcases,Steel Shelf,19091.1,1,0.0,1327.15
ORD-100645,2023-01-31,CUST-1624,Customer 40,East,Odisha,Office Supplies,Binders,Lever Arch File,2341.75,3,0.0,402.1
ORD-100646,2025-05-24,CUST-1498,Customer 87,West,Rajasthan,Technology,Phones,Pixel Edge,76584.28,2,0.2,11937.77
ORD-100647,2023-10-26,CUST-1517,Customer 565,West,Rajasthan,Furniture,Chairs,Mesh Chair,13381.18,1,0.1,3060.96
ORD-100648,2025-03-29,CUST-1474,Customer 532,South,Kerala,Technology,Laptops,UltraBook 14,85855.54,2,0.1,20473.27
ORD-100649,2023-09-29,CUST-1013,Customer 156,West,Maharashtra,Office Supplies,Paper,Premium Paper,888.31,2,0.05,157.33
ORD-100650,2025-01-29,CUST-1306,Customer 172,South,Kerala,Office Supplies,Binders,Ring Binder,1524.17,2,0.0,89.28
ORD-100651,2024-12-15,CUST-1343,Customer 280,North,Haryana,Technology,Accessories,Webcam HD,5433.81,2,0.1,328.66
ORD-100652,2025-01-02,CUST-1102,Customer 202,East,Jharkhand,Technology,Laptops,ProBook 15,93339.33,2,0.0,15348.6
ORD-100653,2023-11-10,CUST-1479,Customer 349,East,West Bengal,Office Supplies,Paper,A4 Paper Pack,1493.17,3,0.15,90.73
ORD-100654,2025-04-08,CUST-1087,Customer 351,West,Maharashtra,Technology,Accessories,USB-C Hub,8325.06,2,0.0,1375.3
ORD-100655,2024-02-06,CUST-1419,Customer 71,West,Rajasthan,Furniture,Tables,Study Table,27265.85,1,0.05,4393.9
ORD-100656,2024-09-18,CUST-1232,Customer 533,East,Bihar,Office Supplies,Storage,Storage Bin,3771.09,2,0.1,935.55
ORD-100657,2023-06-21,CUST-1246,Customer 509,South,Tamil Nadu,Furniture,Chairs,Mesh Chair,11392.46,1,0.1,2807.72
ORD-100658,2023-01-12,CUST-1289,Customer 536,West,Gujarat,Office Supplies,Storage,Storage Bin,1287.2,3,0.0,110.67
ORD-100659,2025-09-06,CUST-1472,Customer 76,West,Rajasthan,Office Supplies,Storage,Drawer Organizer,1716.0,1,0.2,379.66
ORD-100660,2024-05-14,CUST-1299,Customer 594,West,Maharashtra,Technology,Phones,ProPhone X,64722.25,1,0.0,16286.14
ORD-100661,2024-05-11,CUST-1302,Customer 253,South,Kerala,Furniture,Chairs,Executive Chair,15256.09,1,0.15,2617.93
ORD-100662,2024-07-04,CUST-1171,Customer 18,South,Kerala,Technology,Phones,SmartOne 12,104230.95,2,0.1,10611.31
ORD-100663,2025-06-04,CUST-1600,Customer 261,North,Uttar Pradesh,Furniture,Chairs,Ergo Chair,31495.39,4,0.1,2694.07
ORD-100664,2023-09-05,CUST-1275,Customer 9,South,Andhra Pradesh,Furniture,Bookcases,Storage Cabinet,20493.83,1,0.0,1262.0
ORD-100665,2024-11-16,CUST-1112,Customer 22,North,Delhi,Furniture,Bookcases,Corner Shelf,38677.85,2,0.0,3640.97
ORD-100666,2025-05-27,CUST-1444,Customer 44,East,Bihar,Technology,Phones,Galaxy Max,65332.34,2,0.05,14224.51
ORD-100667,2025-12-01,CUST-1248,Customer 91,North,Delhi,Furniture,Tables,Office Desk,35951.95,2,0.0,7076.05
ORD-100668,2025-07-04,CUST-1609,Customer 391,East,Bihar,Office Supplies,Paper,A4 Paper Pack,1769.66,2,0.25,66.65
ORD-100669,2025-11-09,CUST-1346,Customer 562,North,Haryana,Technology,Laptops,UltraBook 14,108804.93,2,0.15,8738.86
ORD-100670,2025-01-22,CUST-1630,Customer 4,North,Delhi,Technology,Phones,ProPhone X,65876.96,2,0.0,7005.73
ORD-100671,2024-12-03,CUST-1177,Customer 622,East,West Bengal,Technology,Phones,SmartOne 12,95395.49,3,0.05,10187.2
ORD-100672,2023-07-27,CUST-1447,Customer 423,North,Uttar Pradesh,Furniture,Chairs,Mesh Chair,12422.65,1,0.0,2369.98
ORD-100673,2025-03-14,CUST-1548,Customer 275,West,Rajasthan,Office Supplies,Paper,Color Paper,1424.06,3,0.15,163.91
ORD-100674,2023-01-05,CUST-1128,Customer 371,North,Haryana,Technology,Laptops,ProBook 15,262270.97,4,0.15,33689.62
ORD-100675,2024-05-19,CUST-1365,Customer 255,West,Goa,Furniture,Tables,Study Table,50159.36,2,0.15,7408.25
ORD-100676,2025-02-13,CUST-1632,Customer 344,South,Andhra Pradesh,Office Supplies,Binders,Lever Arch File,898.89,2,0.05,52.53
ORD-100677,2025-03-08,CUST-1031,Customer 546,West,Rajasthan,Technology,Laptops,UltraBook 14,232889.46,3,0.05,44369.7
ORD-100678,2023-02-18,CUST-1626,Customer 644,North,Uttar Pradesh,Furniture,Chairs,Visitor Chair,8168.62,2,0.15,1272.58
ORD-100679,2023-07-23,CUST-1600,Customer 21,South,Karnataka,Furniture,Tables,Meeting Table,12146.45,1,0.15,1417.23
ORD-100680,2024-02-23,CUST-1225,Customer 453,West,Rajasthan,Office Supplies,Paper,Premium Paper,675.26,2,0.05,116.6
ORD-100681,2023-08-25,CUST-1555,Customer 316,North,Haryana,Furniture,Tables,Compact Desk,34506.96,2,0.0,2625.61
ORD-100682,2025-09-22,CUST-1062,Customer 49,South,Tamil Nadu,Furniture,Tables,Meeting Table,16773.84,2,0.15,2197.02
ORD-100683,2024-09-12,CUST-1092,Customer 109,South,Andhra Pradesh,Office Supplies,Storage,Drawer Organizer,1145.56,3,0.0,265.87
ORD-100684,2024-11-06,CUST-1203,Customer 233,North,Punjab,Office Supplies,Storage,Drawer Organizer,1275.65,2,0.15,189.77
ORD-100685,2023-05-02,CUST-1428,Customer 36,West,Rajasthan,Furniture,Bookcases,Storage Cabinet,37754.79,2,0.05,3089.57
ORD-100686,2023-03-23,CUST-1044,Customer 144,East,Bihar,Office Supplies,Binders,Ring Binder,513.16,3,0.0,80.11
ORD-100687,2025-03-07,CUST-1253,Customer 501,East,Jharkhand,Technology,Phones,SmartOne 12,47921.71,1,0.1,3050.03
ORD-100688,2025-07-08,CUST-1241,Customer 580,South,Andhra Pradesh,Technology,Laptops,NotePro 16,193754.9,2,0.1,24594.53
ORD-100689,2025-12-22,CUST-1496,Customer 182,East,Jharkhand,Office Supplies,Storage,Storage Bin,1759.4,1,0.15,348.72
ORD-100690,2024-07-25,CUST-1290,Customer 552,West,Goa,Furniture,Chairs,Visitor Chair,3295.82,1,0.15,690.19
ORD-100691,2025-07-16,CUST-1042,Customer 346,South,Tamil Nadu,Technology,Accessories,Mechanical Keyboard,21526.14,5,0.0,3580.68
ORD-100692,2023-09-11,CUST-1552,Customer 551,East,Jharkhand,Furniture,Tables,Compact Desk,10971.94,2,0.2,1715.85
ORD-100693,2024-04-23,CUST-1563,Customer 247,East,Odisha,Technology,Laptops,ProBook 15,315952.72,5,0.1,70028.7
ORD-100694,2025-02-21,CUST-1570,Customer 415,South,Kerala,Technology,Laptops,WorkMate 13,323392.71,4,0.2,37793.71
ORD-100695,2025-01-24,CUST-1574,Customer 325,West,Gujarat,Furniture,Bookcases,Corner Shelf,42286.78,3,0.2,4787.6
ORD-100696,2024-06-01,CUST-1614,Customer 565,South,Karnataka,Furniture,Bookcases,Storage Cabinet,23617.71,2,0.1,1881.89
ORD-100697,2024-08-29,CUST-1548,Customer 185,South,Kerala,Technology,Laptops,ProBook 15,93289.38,3,0.2,19743.51
ORD-100698,2023-11-16,CUST-1280,Customer 490,North,Punjab,Office Supplies,Paper,A4 Paper Pack,1822.38,2,0.15,367.16
ORD-100699,2023-05-21,CUST-1640,Customer 208,North,Delhi,Technology,Accessories,Wireless Mouse,6257.93,5,0.0,1213.94
ORD-100700,2025-05-19,CUST-1204,Customer 135,North,Punjab,Office Supplies,Binders,Lever Arch File,684.23,1,0.1,59.56
ORD-100701,2025-03-04,CUST-1273,Customer 12,North,Delhi,Technology,Laptops,UltraBook 14,418411.38,5,0.0,41306.38
ORD-100702,2024-08-08,CUST-1399,Customer 450,West,Rajasthan,Office Supplies,Binders,Lever Arch File,271.95,1,0.1,68.52
ORD-100703,2025-05-08,CUST-1084,Customer 304,South,Kerala,Furniture,Tables,Meeting Table,6975.77,1,0.0,982.53
ORD-100704,2023-04-30,CUST-1564,Customer 205,North,Uttar Pradesh,Furniture,Tables,Meeting Table,50766.93,4,0.1,8457.19
ORD-100705,2025-09-25,CUST-1162,Customer 449,West,Maharashtra,Furniture,Tables,Study Table,33543.85,4,0.15,2858.55
ORD-100706,2023-11-20,CUST-1640,Customer 486,South,Tamil Nadu,Office Supplies,Storage,File Box,811.63,1,0.1,165.15
ORD-100707,2025-02-20,CUST-1027,Customer 362,South,Tamil Nadu,Furniture,Bookcases,Oak Bookcase,14220.33,1,0.15,1583.0
ORD-100708,2025-11-11,CUST-1443,Customer 370,West,Gujarat,Office Supplies,Paper,Premium Paper,3067.39,4,0.05,853.06
ORD-100709,2024-04-09,CUST-1644,Customer 565,North,Delhi,Office Supplies,Paper,A4 Paper Pack,909.5,1,,142.8
ORD-100710,2023-10-06,CUST-1425,Customer 433,West,Maharashtra,Office Supplies,Storage,Storage Bin,7441.3,3,0.0,818.78
ORD-100711,2023-01-14,CUST-1437,Customer 595,West,Rajasthan,Office Supplies,Paper,A4 Paper Pack,1033.36,2,0.1,191.04
ORD-100712,2025-04-27,CUST-1494,Customer 512,South,Karnataka,Office Supplies,Binders,Presentation Binder,147.99,1,0.2,19.37
ORD-100713,2023-06-13,CUST-1221,Customer 198,North,Uttar Pradesh,Office Supplies,Paper,A4 Paper Pack,1447.11,2,0.15,142.45
ORD-100714,2023-08-29,CUST-1151,Customer 55,West,Maharashtra,Technology,Laptops,NotePro 16,86552.8,2,0.25,458.36
ORD-100715,2023-02-25,CUST-1022,Customer 329,South,Karnataka,Office Supplies,Storage,Storage Bin,1140.96,2,0.0,211.11
ORD-100716,2025-10-08,CUST-1033,Customer 364,West,Gujarat,Technology,Accessories,Wireless Mouse,9788.46,2,0.05,569.41
ORD-100717,2023-09-21,CUST-1283,Customer 556,East,Jharkhand,Office Supplies,Paper,Premium Paper,1439.71,4,0.0,198.14
ORD-100718,2024-05-10,CUST-1605,Customer 449,North,Haryana,Technology,Accessories,Wireless Mouse,11387.41,2,0.0,1717.0
ORD-100719,2025-09-11,CUST-1232,Customer 282,East,Jharkhand,Furniture,Tables,Compact Desk,56092.05,3,0.1,10627.8
ORD-100720,2025-11-27,CUST-1155,Customer 116,East,West Bengal,Office Supplies,Binders,Lever Arch File,2555.61,5,0.15,568.23
ORD-100721,2025-11-25,CUST-1264,Customer 283,South,Kerala,Technology,Phones,ProPhone X,107802.57,4,0.1,22572.16
ORD-100722,2023-09-25,CUST-1550,Customer 75,West,Goa,Technology,Accessories,Webcam HD,2667.25,1,0.0,144.05
ORD-100723,2023-04-26,CUST-1324,Customer 465,South,Karnataka,Office Supplies,Paper,A4 Paper Pack,1234.36,4,0.0,64.59
ORD-100724,2025-12-15,CUST-1010,Customer 174,South,Karnataka,Technology,Laptops,UltraBook 14,93930.03,1,0.05,9987.02
ORD-100725,2024-04-13,CUST-1244,Customer 455,West,Gujarat,Technology,Phones,ProPhone X,38532.18,1,0.2,5856.81
ORD-100726,2024-09-27,CUST-1212,Customer 517,East,Bihar,Office Supplies,Paper,Premium Paper,917.84,3,0.05,194.18
ORD-100727,2023-08-14,CUST-1194,Customer 17,South,Kerala,Office Supplies,Paper,Premium Paper,539.92,2,0.1,35.94
ORD-100728,2025-12-20,CUST-1086,Customer 390,West,Maharashtra,Furniture,Chairs,Mesh Chair,28550.5,3,0.1,3902.59
ORD-100729,2023-12-31,CUST-1467,Customer 466,West,Rajasthan,Furniture,Bookcases,Steel Shelf,76869.31,4,0.0,8353.21
ORD-100730,2025-07-14,CUST-1417,Customer 444,West,Goa,Technology,Laptops,NotePro 16,139177.31,2,0.05,20886.32
ORD-100731,2023-02-09,CUST-1025,Customer 536,North,Punjab,Office Supplies,Binders,Lever Arch File,1468.41,2,0.1,273.96
ORD-100732,2025-08-29,CUST-1125,Customer 581,North,Punjab,Office Supplies,Binders,Presentation Binder,878.94,2,0.1,55.83
ORD-100733,2024-01-11,CUST-1194,Customer 405,West,Gujarat,Technology,Laptops,WorkMate 13,65237.7,1,0.15,6774.53
ORD-100734,2024-06-25,CUST-1099,Customer 101,West,Maharashtra,Furniture,Chairs,Visitor Chair,10703.38,1,0.1,922.52
ORD-100735,2024-11-17,CUST-1234,Customer 293,West,Goa,Furniture,Chairs,Ergo Chair,52798.38,4,0.15,10232.29
ORD-100736,2023-05-22,CUST-1093,Customer 489,South,Tamil Nadu,Technology,Laptops,UltraBook 14,71426.46,2,0.05,8091.19
ORD-100737,2025-07-25,CUST-1595,Customer 388,East,Bihar,Furniture,Bookcases,Storage Cabinet,64723.85,3,0.0,3455.73
ORD-100738,2024-02-01,CUST-1238,Customer 398,West,Gujarat,Furniture,Chairs,Ergo Chair,3970.36,1,0.0,288.38
ORD-100739,2023-01-19,CUST-1547,Customer 53,East,Jharkhand,Furniture,Tables,Office Desk,23510.49,1,0.15,3545.79
ORD-100740,2023-09-24,CUST-1428,Customer 207,West,Gujarat,Technology,Accessories,Webcam HD,4953.85,1,0.1,1020.07
ORD-100741,2025-06-17,CUST-1592,Customer 636,East,West Bengal,Furniture,Bookcases,Steel Shelf,27142.05,2,0.05,4257.99
ORD-100742,2024-08-23,CUST-1377,Customer 402,South,Kerala,Technology,Laptops,UltraBook 14,108034.52,2,0.15,14946.92
ORD-100743,2024-05-11,CUST-1511,Customer 213,North,Haryana,Furniture,Tables,Office Desk,66307.1,3,0.15,9031.34
ORD-100744,2024-08-31,CUST-1316,Customer 265,East,Bihar,Furniture,Tables,Office Desk,55345.55,3,0.0,4779.83
ORD-100745,2025-08-27,CUST-1555,Customer 513,East,Odisha,Technology,Laptops,UltraBook 14,286885.76,3,0.1,42345.49
ORD-100746,2023-04-26,CUST-1080,Customer 81,North,Haryana,Technology,Phones,ProPhone X,95613.47,2,0.0,8961.01
ORD-100747,2024-06-20,CUST-1419,Customer 560,West,Gujarat,Office Supplies,Binders,Ring Binder,511.87,1,0.1,27.36
ORD-100748,2024-11-08,CUST-1152,Customer 414,East,West Bengal,Furniture,Bookcases,Corner Shelf,8184.99,1,0.25,523.68
ORD-100749,2025-12-21,CUST-1391,Customer 145,West,Goa,Office Supplies,Storage,Drawer Organizer,4624.64,3,0.05,316.08
ORD-100750,2025-12-27,CUST-1016,Customer 220,South,Kerala,Office Supplies,Paper,Premium Paper,1033.21,2,0.15,84.81
ORD-100751,2023-05-04,CUST-1197,Customer 231,South,Tamil Nadu,Technology,Phones,ProPhone X,17604.34,1,0.2,1284.89
ORD-100752,2024-09-09,CUST-1092,Customer 148,South,Kerala,Furniture,Chairs,Mesh Chair,25076.26,3,0.1,3273.27
ORD-100753,2025-01-12,CUST-1060,Customer 522,South,Andhra Pradesh,Technology,Phones,Galaxy Max,48652.39,1,0.0,6883.74
ORD-100754,2023-10-17,CUST-1634,Customer 42,West,Rajasthan,Furniture,Bookcases,Corner Shelf,27024.09,2,0.1,3351.23
ORD-100755,2025-10-12,CUST-1506,Customer 343,North,Delhi,Technology,Phones,Pixel Edge,56278.14,1,0.1,7474.42
ORD-100756,2025-06-14,CUST-1283,Customer 486,East,Jharkhand,Furniture,Chairs,Mesh Chair,45399.62,3,0.15,6136.91
ORD-100757,2025-04-01,CUST-1456,Customer 387,East,Bihar,Office Supplies,Binders,Ring Binder,2432.42,4,0.05,278.43
ORD-100758,2024-07-11,CUST-1070,Customer 201,West,Maharashtra,Furniture,Bookcases,Steel Shelf,16639.14,2,0.0,4322.71
ORD-100759,2024-09-20,CUST-1573,Customer 367,West,Rajasthan,Office Supplies,Paper,Color Paper,2448.22,3,0.1,632.32
ORD-100760,2024-06-25,CUST-1553,Customer 471,North,Uttar Pradesh,Office Supplies,Paper,Color Paper,1048.73,2,0.1,239.11
ORD-100761,2024-10-14,CUST-1021,Customer 311,East,Jharkhand,Office Supplies,Storage,Storage Bin,8451.55,5,0.0,1816.18
ORD-100762,2025-09-23,CUST-1433,Customer 63,South,Andhra Pradesh,Technology,Laptops,UltraBook 14,156458.37,2,0.0,22072.88
ORD-100763,2024-10-17,CUST-1548,Customer 619,East,West Bengal,Technology,Laptops,WorkMate 13,105600.17,2,0.15,11321.89
ORD-100764,2023-08-04,CUST-1371,Customer 179,East,Jharkhand,Office Supplies,Paper,Color Paper,2980.47,3,0.15,810.94
ORD-100765,2024-10-17,CUST-1046,Customer 168,West,Goa,Furniture,Chairs,Ergo Chair,3395.34,1,0.0,269.68
ORD-100766,2025-07-07,CUST-1259,Customer 484,West,Gujarat,Office Supplies,Binders,Ring Binder,2274.0,3,0.05,501.81
ORD-100767,2025-09-02,CUST-1372,Customer 344,West,Rajasthan,Furniture,Tables,Office Desk,9180.01,2,0.15,461.72
ORD-100768,2025-02-26,CUST-1022,Customer 360,North,Uttar Pradesh,Technology,Accessories,Mechanical Keyboard,1948.86,1,0.25,67.55
ORD-100769,2024-06-13,CUST-1432,Customer 398,West,Rajasthan,Technology,Accessories,Webcam HD,3418.52,1,0.1,368.33
ORD-100770,2023-08-19,CUST-1524,Customer 481,West,Goa,Technology,Phones,SmartOne 12,47417.89,1,0.0,3490.89
ORD-100771,2023-08-05,CUST-1100,Customer 249,West,Maharashtra,Furniture,Bookcases,Oak Bookcase,21296.21,1,0.0,5778.5
ORD-100772,2025-12-09,CUST-1048,Customer 249,South,Karnataka,Technology,Laptops,NotePro 16,63842.67,1,0.05,5028.55
ORD-100773,2024-03-21,CUST-1249,Customer 245,West,Goa,Furniture,Chairs,Executive Chair,6736.82,1,0.0,432.64
ORD-100774,2024-04-13,CUST-1258,Customer 345,West,Goa,Office Supplies,Storage,Drawer Organizer,2099.26,3,0.1,251.54
ORD-100775,2025-12-24,CUST-1572,Customer 136,West,Gujarat,Technology,Laptops,ProBook 15,71758.85,1,0.25,12575.77
ORD-100776,2023-10-25,CUST-1348,Customer 545,East,Bihar,Office Supplies,Storage,File Box,1287.87,1,0.05,234.35
ORD-100777,2024-06-08,CUST-1525,Customer 167,West,Goa,Technology,Accessories,USB-C Hub,1112.7,2,0.0,142.51
ORD-100778,2023-02-19,CUST-1605,Customer 623,East,Jharkhand,Technology,Phones,SmartOne 12,91426.21,3,0.1,7669.47
ORD-100779,2025-06-02,CUST-1190,Customer 424,East,Bihar,Furniture,Bookcases,Storage Cabinet,61808.78,4,0.05,6358.52
ORD-100780,2025-08-09,CUST-1282,Customer 198,South,Kerala,Office Supplies,Paper,Premium Paper,387.85,1,0.25,32.76
ORD-100781,2024-04-07,CUST-1175,Customer 463,South,Karnataka,Technology,Laptops,NotePro 16,76836.1,2,0.15,7954.71
ORD-100782,2025-04-18,CUST-1228,Customer 474,North,Haryana,Office Supplies,Binders,Ring Binder,554.38,1,0.2,34.49
ORD-100783,2025-12-31,CUST-1561,Customer 621,East,West Bengal,Office Supplies,Binders,Ring Binder,1203.95,2,0.15,297.18
ORD-100784,2024-05-07,CUST-1221,Customer 467,North,Delhi,Furniture,Chairs,Executive Chair,28800.68,2,0.15,4205.06
ORD-100785,2024-07-06,CUST-1090,Customer 4,North,Punjab,Technology,Laptops,UltraBook 14,142309.31,2,0.15,18846.2
ORD-100786,2023-12-23,CUST-1147,Customer 44,North,Uttar Pradesh,Office Supplies,Storage,Drawer Organizer,1636.08,1,0.1,216.08
ORD-100787,2023-06-28,CUST-1042,Customer 321,South,Andhra Pradesh,Technology,Phones,SmartOne 12,82972.53,3,0.1,14718.36
ORD-100788,2025-08-26,CUST-1571,Customer 4,West,Gujarat,Technology,Accessories,Mechanical Keyboard,6524.57,3,0.15,842.31
ORD-100789,2024-08-18,CUST-1636,Customer 512,West,Goa,Technology,Laptops,WorkMate 13,81751.99,1,0.0,13757.24
ORD-100790,2023-03-16,CUST-1163,Customer 140,East,Jharkhand,Office Supplies,Binders,Presentation Binder,908.75,3,0.15,86.33
ORD-100791,2024-12-23,CUST-1508,Customer 643,North,Delhi,Technology,Laptops,WorkMate 13,58946.77,1,0.0,5548.53
ORD-100792,2024-02-14,CUST-1534,Customer 314,South,Tamil Nadu,Technology,Phones,Galaxy Max,59729.64,2,0.15,11585.96
ORD-100793,2025-02-10,CUST-1005,Customer 129,West,Goa,Technology,Laptops,ProBook 15,392543.25,4,0.1,98996.38
ORD-100794,2024-07-17,CUST-1205,Customer 292,West,Goa,Furniture,Tables,Study Table,64729.28,4,0.1,3963.88
ORD-100795,2025-08-26,CUST-1099,Customer 36,West,Goa,Technology,Accessories,Webcam HD,2243.63,4,0.1,402.41
ORD-100796,2024-01-28,CUST-1150,Customer 492,South,Karnataka,Office Supplies,Binders,Presentation Binder,530.51,4,0.2,22.53
ORD-100797,2025-03-21,CUST-1095,Customer 607,South,Karnataka,Furniture,Tables,Meeting Table,24343.51,3,0.0,1960.32
ORD-100798,2024-09-21,CUST-1517,Customer 94,West,Gujarat,Technology,Accessories,Mechanical Keyboard,1870.55,1,0.05,450.16
ORD-100799,2023-03-28,CUST-1074,Customer 572,East,Bihar,Furniture,Bookcases,Oak Bookcase,42990.31,4,0.1,8672.4
ORD-100800,2023-03-21,CUST-1363,Customer 183,South,Karnataka,Furniture,Tables,Office Desk,42776.46,3,0.0,5944.61
ORD-100801,2023-07-09,CUST-1472,Customer 24,South,Kerala,Technology,Laptops,WorkMate 13,208181.36,4,0.25,21310.61
ORD-100802,2024-01-18,CUST-1380,Customer 138,South,Andhra Pradesh,Office Supplies,Storage,Drawer Organizer,4090.25,5,0.1,605.61
ORD-100803,2024-03-02,CUST-1433,Customer 587,West,Gujarat,Furniture,Tables,Study Table,60100.38,4,0.1,4831.64
ORD-100804,2023-03-01,CUST-1365,Customer 172,East,Odisha,Office Supplies,Paper,A4 Paper Pack,971.67,2,0.1,155.13
ORD-100805,2025-11-10,CUST-1173,Customer 92,North,Delhi,Technology,Phones,Galaxy Max,64913.8,2,0.1,13822.53
ORD-100806,2025-04-24,CUST-1621,Customer 111,South,Karnataka,Furniture,Tables,Study Table,29883.96,4,0.15,2122.9
ORD-100807,2023-11-23,CUST-1428,Customer 95,West,Gujarat,Office Supplies,Storage,Drawer Organizer,7596.51,4,0.1,1337.93
ORD-100808,2024-01-20,CUST-1342,Customer 78,North,Uttar Pradesh,Furniture,Bookcases,Steel Shelf,39866.64,2,0.05,2568.29
ORD-100809,2023-02-07,CUST-1148,Customer 480,West,Gujarat,Technology,Laptops,ProBook 15,34262.68,1,0.05,3416.02
ORD-100810,2023-12-17,CUST-1109,Customer 209,West,Goa,Technology,Accessories,USB-C Hub,14685.6,5,0.15,1594.82
ORD-100811,2025-11-17,CUST-1192,Customer 480,South,Tamil Nadu,Technology,Laptops,UltraBook 14,91548.6,2,0.1,20685.14
ORD-100812,2025-07-04,CUST-1344,Customer 129,North,Delhi,Furniture,Tables,Meeting Table,12798.81,1,0.2,586.99
ORD-100813,2023-07-24,CUST-1606,Customer 542,South,Kerala,Office Supplies,Binders,Lever Arch File,2997.67,5,0.0,790.35
ORD-100814,2023-01-11,CUST-1274,Customer 596,East,Bihar,Technology,Accessories,Webcam HD,4935.28,2,0.0,500.74
ORD-100815,2023-06-18,CUST-1387,Customer 308,West,Rajasthan,Office Supplies,Storage,Storage Bin,1541.67,1,0.1,208.08
ORD-100816,2024-04-03,CUST-1552,Customer 74,South,Kerala,Technology,Phones,SmartOne 12,64963.16,2,0.25,9728.08
ORD-100817,2023-02-12,CUST-1607,Customer 508,East,Bihar,Furniture,Tables,Study Table,12271.59,4,0.25,836.07
ORD-100818,2024-01-23,CUST-1285,Customer 179,East,Odisha,Office Supplies,Paper,Premium Paper,1370.62,2,0.05,219.89
ORD-100819,2025-10-01,CUST-1257,Customer 172,South,Karnataka,Furniture,Bookcases,Steel Shelf,15183.45,2,0.15,3519.45
ORD-100820,2025-11-03,CUST-1436,Customer 484,North,Punjab,Technology,Phones,ProPhone X,98098.6,5,0.15,25187.55
ORD-100821,2023-01-27,CUST-1639,Customer 347,South,Kerala,Furniture,Tables,Meeting Table,15119.56,2,0.15,2299.26
ORD-100822,2024-11-12,CUST-1436,Customer 454,West,Gujarat,Office Supplies,Storage,Storage Bin,2698.91,2,0.1,171.79
ORD-100823,2025-01-06,CUST-1023,Customer 301,East,Jharkhand,Office Supplies,Binders,Lever Arch File,388.74,2,0.0,50.89
ORD-100824,2025-05-05,CUST-1497,Customer 57,North,Punjab,Technology,Phones,Galaxy Max,74388.21,3,0.05,5616.97
ORD-100825,2025-11-19,CUST-1300,Customer 616,South,Kerala,Technology,Phones,Galaxy Max,40928.35,2,0.15,4569.98
ORD-100826,2024-08-26,CUST-1439,Customer 5,South,Tamil Nadu,Office Supplies,Binders,Lever Arch File,343.76,2,0.1,26.07
ORD-100827,2023-08-31,CUST-1167,Customer 581,West,Rajasthan,Technology,Accessories,USB-C Hub,5148.64,3,0.2,271.35
ORD-100828,2024-04-27,CUST-1262,Customer 635,West,Maharashtra,Technology,Phones,ProPhone X,15777.47,1,0.2,1915.73
ORD-100829,2024-01-29,CUST-1530,Customer 239,East,West Bengal,Technology,Accessories,Wireless Mouse,4098.75,1,0.25,144.95
ORD-100830,2025-05-16,CUST-1480,Customer 402,South,Kerala,Technology,Accessories,Webcam HD,2472.77,2,0.05,691.06
ORD-100831,2025-06-19,CUST-1338,Customer 458,South,Tamil Nadu,Office Supplies,Binders,Presentation Binder,2203.11,3,0.1,261.8
ORD-100832,2025-12-15,CUST-1448,Customer 507,South,Karnataka,Office Supplies,Binders,Ring Binder,1481.38,2,0.1,409.89
ORD-100833,2025-04-22,CUST-1568,Customer 526,North,Punjab,Office Supplies,Paper,Premium Paper,1661.21,3,0.1,237.13
ORD-100834,2025-07-14,CUST-1641,Customer 272,South,Kerala,Office Supplies,Storage,Storage Bin,908.27,2,0.15,74.26
ORD-100835,2023-02-23,CUST-1406,Customer 376,North,Delhi,Office Supplies,Storage,Storage Bin,6639.55,4,0.1,1686.41
ORD-100836,2025-11-06,CUST-1035,Customer 213,North,Haryana,Furniture,Chairs,Visitor Chair,5660.65,2,0.05,1474.29
ORD-100837,2023-03-11,CUST-1547,Customer 145,East,Bihar,Technology,Accessories,Mechanical Keyboard,8267.68,2,0.05,1972.25
ORD-100838,2025-04-14,CUST-1505,Customer 275,East,Jharkhand,Technology,Phones,ProPhone X,62965.19,3,0.15,11128.34
ORD-100839,2023-06-09,CUST-1414,Customer 333,West,Goa,Office Supplies,Binders,Lever Arch File,724.02,2,0.15,141.53
ORD-100840,2024-03-16,CUST-1133,Customer 593,West,Gujarat,Office Supplies,Paper,Premium Paper,837.66,2,0.1,227.54
ORD-100841,2024-05-10,CUST-1218,Customer 438,West,Gujarat,Furniture,Bookcases,Corner Shelf,75745.9,4,0.0,12450.79
ORD-100842,2024-04-09,CUST-1201,Customer 207,South,Karnataka,Technology,Laptops,UltraBook 14,107098.49,2,0.0,19743.83
ORD-100843,2023-06-25,CUST-1500,Customer 332,West,Maharashtra,Furniture,Chairs,Visitor Chair,22420.11,2,0.1,3325.08
ORD-100844,2024-12-31,CUST-1137,Customer 178,North,Haryana,Technology,Laptops,ProBook 15,113813.99,2,0.15,11862.53
ORD-100845,2025-04-22,CUST-1367,Customer 260,North,Delhi,Office Supplies,Binders,Presentation Binder,1595.23,2,0.0,100.59
ORD-100846,2023-10-19,CUST-1097,Customer 218,West,Goa,Technology,Laptops,ProBook 15,168240.3,2,0.0,25366.81
ORD-100847,2025-03-20,CUST-1508,Customer 298,South,Tamil Nadu,Technology,Accessories,USB-C Hub,5845.57,2,0.0,974.85
ORD-100848,2024-09-30,CUST-1289,Customer 557,West,Rajasthan,Office Supplies,Storage,Storage Bin,1679.81,2,0.1,397.65
ORD-100849,2024-04-10,CUST-1295,Customer 368,South,Tamil Nadu,Office Supplies,Storage,Storage Bin,1446.28,4,0.0,188.03
ORD-100850,2023-11-05,CUST-1170,Customer 636,South,Kerala,Technology,Accessories,USB-C Hub,13504.69,3,0.0,1847.68
ORD-100851,2023-04-07,CUST-1277,Customer 568,East,Odisha,Technology,Phones,Pixel Edge,161914.3,5,0.15,15561.75
ORD-100852,2023-11-19,CUST-1295,Customer 451,North,Haryana,Office Supplies,Storage,File Box,2267.29,2,0.0,616.66
ORD-100853,2025-02-20,CUST-1102,Customer 478,West,Rajasthan,Technology,Laptops,ProBook 15,131864.48,2,0.0,25847.19
ORD-100854,2023-10-25,CUST-1069,Customer 145,South,Andhra Pradesh,Technology,Accessories,Wireless Mouse,2080.72,1,0.15,335.37
ORD-100855,2025-11-01,CUST-1393,Customer 163,East,Bihar,Technology,Accessories,Mechanical Keyboard,3738.33,1,0.0,790.0
ORD-100856,2024-12-23,CUST-1605,Customer 207,East,Bihar,Furniture,Chairs,Executive Chair,56463.07,5,0.1,10329.86
ORD-100857,2025-05-16,CUST-1290,Customer 446,South,Kerala,Technology,Accessories,Webcam HD,1293.28,1,0.15,352.35
ORD-100858,2024-01-05,CUST-1600,Customer 570,North,Punjab,Furniture,Bookcases,Steel Shelf,14632.91,1,0.15,1832.88
ORD-100859,2023-04-28,CUST-1028,Customer 458,South,Kerala,Furniture,Chairs,Mesh Chair,6244.72,1,0.1,621.03
ORD-100860,2024-06-13,CUST-1481,Customer 548,East,Bihar,Furniture,Bookcases,Storage Cabinet,6070.8,1,0.15,641.76
ORD-100861,2023-05-20,CUST-1590,Customer 120,West,Goa,Technology,Laptops,WorkMate 13,118672.86,2,0.15,6405.65
ORD-100862,2023-02-17,CUST-1023,Customer 422,East,Bihar,Technology,Accessories,Webcam HD,3480.7,1,0.0,273.07
ORD-100863,2023-10-27,CUST-1426,Customer 234,West,Maharashtra,Office Supplies,Storage,File Box,1765.72,1,0.05,112.57
ORD-100864,2024-12-23,CUST-1509,Customer 427,South,Karnataka,Office Supplies,Paper,Premium Paper,485.02,2,0.2,20.09
ORD-100865,2023-12-01,CUST-1325,Customer 621,East,West Bengal,Office Supplies,Paper,Color Paper,2061.3,2,0.1,417.24
ORD-100866,2024-07-11,CUST-1598,Customer 586,North,Punjab,Office Supplies,Binders,Ring Binder,383.61,2,0.25,27.66
ORD-100867,2025-10-16,CUST-1612,Customer 375,West,Rajasthan,Technology,Accessories,Webcam HD,4803.33,2,0.1,1139.08
ORD-100868,2024-04-27,CUST-1508,Customer 46,West,Maharashtra,Technology,Phones,Galaxy Max,27127.35,1,0.15,4833.52
ORD-100869,2023-08-24,CUST-1473,Customer 236,North,Punjab,Technology,Laptops,UltraBook 14,81713.82,1,0.0,7237.31
ORD-100870,2023-10-02,CUST-1629,Customer 426,East,West Bengal,Furniture,Tables,Office Desk,43552.04,4,0.05,11236.21
ORD-100871,2025-07-07,CUST-1207,Customer 612,East,Odisha,Technology,Accessories,USB-C Hub,5443.31,3,0.05,403.38
ORD-100872,2025-02-17,CUST-1528,Customer 57,North,Punjab,Furniture,Chairs,Visitor Chair,8848.03,1,0.15,2169.05
ORD-100873,2024-07-29,CUST-1331,Customer 623,North,Punjab,Technology,Laptops,ProBook 15,87095.05,1,0.15,21159.14
ORD-100874,2025-09-09,CUST-1429,Customer 616,West,Gujarat,Technology,Laptops,UltraBook 14,277871.38,4,0.25,5490.79
ORD-100875,2025-10-31,CUST-1321,Customer 312,East,Odisha,Furniture,Bookcases,Storage Cabinet,3621.45,1,0.2,361.69
ORD-100876,2025-09-10,CUST-1267,Customer 355,South,Kerala,Furniture,Bookcases,Oak Bookcase,17849.62,1,0.0,3776.03
ORD-100877,2025-11-24,CUST-1381,Customer 157,West,Gujarat,Furniture,Bookcases,Steel Shelf,25975.07,3,0.15,1312.25
ORD-100878,2024-11-16,CUST-1285,Customer 160,West,Maharashtra,Technology,Accessories,USB-C Hub,5425.21,1,0.05,786.83
ORD-100879,2025-11-20,CUST-1520,Customer 208,South,Kerala,Office Supplies,Binders,Ring Binder,762.53,2,0.1,137.15
ORD-100880,2024-06-23,CUST-1386,Customer 547,North,Haryana,Furniture,Bookcases,Oak Bookcase,5653.55,1,0.15,816.62
ORD-100881,2025-02-22,CUST-1249,Customer 489,South,Karnataka,Technology,Accessories,USB-C Hub,19381.55,5,0.1,2721.99
ORD-100882,2024-10-07,CUST-1063,Customer 421,West,Goa,Office Supplies,Storage,File Box,3536.24,2,0.05,894.14
ORD-100883,2025-10-26,CUST-1170,Customer 638,South,Tamil Nadu,Office Supplies,Binders,Lever Arch File,459.71,1,0.0,36.27
ORD-100884,2024-05-07,CUST-1336,Customer 636,South,Tamil Nadu,Technology,Laptops,ProBook 15,160478.07,5,0.1,16975.58
ORD-100885,2023-03-26,CUST-1137,Customer 113,West,Rajasthan,Furniture,Chairs,Executive Chair,30378.51,2,0.0,8083.79
ORD-100886,2023-03-13,CUST-1541,Customer 344,South,Tamil Nadu,Technology,Phones,Galaxy Max,15072.27,1,0.25,3359.84
ORD-100887,2023-07-16,CUST-1495,Customer 169,South,Tamil Nadu,Technology,Accessories,USB-C Hub,11081.02,3,0.15,620.64
ORD-100888,2023-11-21,CUST-1146,Customer 379,West,Maharashtra,Furniture,Tables,Study Table,18337.31,1,0.2,53.49
ORD-100889,2024-02-17,CUST-1026,Customer 232,South,Tamil Nadu,Office Supplies,Binders,Lever Arch File,504.1,2,0.15,134.68
ORD-100890,2024-04-27,CUST-1043,Customer 273,South,Andhra Pradesh,Furniture,Bookcases,Storage Cabinet,43932.59,3,0.2,8965.55
ORD-100891,2023-12-21,CUST-1490,Customer 394,East,West Bengal,Office Supplies,Paper,A4 Paper Pack,459.21,1,0.05,58.66
ORD-100892,2025-06-24,CUST-1337,Customer 576,East,Jharkhand,Technology,Phones,ProPhone X,38219.72,1,0.1,6957.96
ORD-100893,2023-08-24,CUST-1127,Customer 152,East,Odisha,Office Supplies,Storage,Drawer Organizer,1103.27,1,0.05,195.49
ORD-100894,2025-01-24,CUST-1456,Customer 449,North,Uttar Pradesh,Furniture,Tables,Compact Desk,71071.69,5,0.0,19322.67
ORD-100895,2025-09-06,CUST-1546,Customer 166,East,West Bengal,Technology,Laptops,NotePro 16,203748.82,3,0.1,28553.41
ORD-100896,2024-03-13,CUST-1270,Customer 522,West,Goa,Technology,Laptops,WorkMate 13,250771.41,4,0.05,48527.04
ORD-100897,2025-10-10,CUST-1297,Customer 292,East,Jharkhand,Technology,Accessories,USB-C Hub,14169.9,4,0.1,1402.07
ORD-100898,2023-10-12,CUST-1436,Customer 218,North,Punjab,Office Supplies,Paper,Color Paper,1084.18,2,0.05,153.4
ORD-100899,2025-12-02,CUST-1473,Customer 554,East,Odisha,Furniture,Bookcases,Oak Bookcase,21293.34,3,0.1,1372.82
ORD-100900,2023-12-07,CUST-1268,Customer 90,East,West Bengal,Office Supplies,Binders,Presentation Binder,2395.88,3,0.05,267.46
ORD-100901,2024-12-19,CUST-1595,Customer 581,East,West Bengal,Office Supplies,Paper,Premium Paper,1123.88,1,0.0,213.32
ORD-100902,2025-01-02,CUST-1185,Customer 237,North,Uttar Pradesh,Furniture,Bookcases,Corner Shelf,42444.98,2,0.0,11831.86
ORD-100903,2023-03-22,CUST-1523,Customer 475,West,Gujarat,Technology,Phones,Pixel Edge,73097.78,2,0.0,5981.58
ORD-100904,2025-04-20,CUST-1028,Customer 55,West,Maharashtra,Technology,Accessories,USB-C Hub,3077.58,1,0.15,413.45
ORD-100905,2025-11-23,CUST-1560,Customer 317,West,Gujarat,Furniture,Bookcases,Corner Shelf,68109.71,4,0.0,8877.43
ORD-100906,2023-10-20,CUST-1513,Customer 209,North,Punjab,Office Supplies,Storage,Storage Bin,3500.23,2,0.1,920.25
ORD-100907,2024-07-06,CUST-1043,Customer 228,South,Tamil Nadu,Technology,Laptops,UltraBook 14,65082.59,1,0.0,16949.85
ORD-100908,2024-05-18,CUST-1029,Customer 181,South,Andhra Pradesh,Office Supplies,Storage,File Box,1031.16,1,0.15,211.33
ORD-100909,2024-03-06,CUST-1294,Customer 450,North,Delhi,Office Supplies,Binders,Ring Binder,642.84,1,0.1,49.8
ORD-100910,2025-09-07,CUST-1330,Customer 356,East,Bihar,Office Supplies,Binders,Presentation Binder,762.46,2,0.0,74.02
ORD-100911,2024-04-14,CUST-1316,Customer 564,West,Maharashtra,Technology,Accessories,Webcam HD,763.67,1,0.1,203.04
ORD-100912,2025-05-28,CUST-1456,Customer 380,North,Uttar Pradesh,Furniture,Bookcases,Corner Shelf,30674.21,2,0.0,2100.09
ORD-100913,2023-05-01,CUST-1217,,North,Punjab,Office Supplies,Storage,Drawer Organizer,1122.25,2,0.15,202.34
ORD-100914,2024-11-18,CUST-1266,Customer 574,South,Kerala,Furniture,Bookcases,Steel Shelf,4438.85,1,0.0,1144.79
ORD-100915,2025-05-22,CUST-1522,Customer 112,West,Rajasthan,Furniture,Chairs,Mesh Chair,49142.67,3,0.0,4273.3
ORD-100916,2024-08-29,CUST-1202,Customer 77,West,Gujarat,Technology,Laptops,ProBook 15,458855.82,5,0.0,58226.49
ORD-100917,2024-03-20,CUST-1275,Customer 266,South,Karnataka,Technology,Laptops,NotePro 16,240940.02,3,0.1,58397.37
ORD-100918,2023-04-29,CUST-1202,Customer 379,South,Kerala,Furniture,Tables,Meeting Table,28064.34,2,0.0,7686.02
ORD-100919,2024-04-21,CUST-1433,Customer 356,South,Kerala,Furniture,Tables,Office Desk,9490.13,2,0.15,1653.36
ORD-100920,2024-07-06,CUST-1634,Customer 537,West,Goa,Office Supplies,Storage,Drawer Organizer,1921.91,1,0.1,508.26
ORD-100921,2025-01-16,CUST-1194,Customer 58,North,Punjab,Office Supplies,Storage,Storage Bin,4593.64,3,0.1,540.71
ORD-100922,2024-01-01,CUST-1424,Customer 629,West,Rajasthan,Office Supplies,Storage,File Box,2046.53,1,0.05,411.02
ORD-100923,2023-09-14,CUST-1293,Customer 574,South,Karnataka,Office Supplies,Binders,Lever Arch File,701.65,5,0.1,39.14
ORD-100924,2024-04-05,CUST-1005,Customer 209,East,Jharkhand,Office Supplies,Storage,File Box,1629.06,3,0.2,305.1
ORD-100925,2024-04-20,CUST-1385,Customer 60,South,Andhra Pradesh,Technology,Accessories,Wireless Mouse,14572.18,3,0.0,3885.49
ORD-100926,2023-03-28,CUST-1308,Customer 427,North,Punjab,Technology,Accessories,USB-C Hub,16425.96,5,0.2,1670.11
ORD-100927,2024-07-06,CUST-1198,Customer 292,East,Odisha,Furniture,Bookcases,Corner Shelf,23698.54,2,0.1,3151.7
ORD-100928,2023-11-07,CUST-1524,Customer 527,West,Goa,Technology,Laptops,UltraBook 14,58392.43,1,0.15,6684.26
ORD-100929,2024-08-26,CUST-1191,Customer 520,North,Uttar Pradesh,Office Supplies,Paper,Color Paper,2912.01,3,0.15,188.08
ORD-100930,2024-03-19,CUST-1093,Customer 595,East,Odisha,Office Supplies,Paper,Color Paper,2616.29,4,0.1,226.81
ORD-100931,2025-05-02,CUST-1187,Customer 371,East,Odisha,Technology,Phones,Pixel Edge,45009.77,1,0.1,5142.55
ORD-100932,2023-11-12,CUST-1006,Customer 366,South,Tamil Nadu,Office Supplies,Storage,File Box,4341.69,2,0.1,610.56
ORD-100933,2023-04-26,CUST-1234,Customer 89,West,Maharashtra,Furniture,Chairs,Ergo Chair,33246.88,2,0.05,4838.89
ORD-100934,2025-03-31,CUST-1632,Customer 606,West,Maharashtra,Furniture,Bookcases,Storage Cabinet,3783.03,1,0.1,360.47
ORD-100935,2025-11-06,CUST-1186,Customer 205,West,Rajasthan,Technology,Phones,ProPhone X,25254.61,1,0.05,1306.08
ORD-100936,2025-03-28,CUST-1231,Customer 423,West,Goa,Furniture,Tables,Compact Desk,36044.31,2,0.15,6847.32
ORD-100937,2023-06-09,CUST-1582,Customer 199,West,Rajasthan,Office Supplies,Storage,Storage Bin,2447.81,3,0.15,614.77
ORD-100938,2024-03-31,CUST-1227,Customer 409,South,Andhra Pradesh,Technology,Accessories,USB-C Hub,4806.07,2,0.2,682.7
ORD-100939,2025-11-08,CUST-1005,Customer 102,West,Goa,Technology,Accessories,Mechanical Keyboard,3860.15,2,0.0,745.0
ORD-100940,2023-01-03,CUST-1385,Customer 317,East,West Bengal,Furniture,Tables,Meeting Table,29047.65,4,0.05,4378.08
ORD-100941,2025-08-13,CUST-1540,Customer 423,East,West Bengal,Technology,Laptops,ProBook 15,185924.24,2,0.0,37526.11
ORD-100942,2023-02-25,CUST-1022,Customer 485,South,Tamil Nadu,Furniture,Tables,Compact Desk,15912.75,1,0.25,1798.35
ORD-100943,2025-03-10,CUST-1493,Customer 372,South,Andhra Pradesh,Technology,Phones,ProPhone X,70221.04,3,0.0,13748.21
ORD-100944,2025-10-22,CUST-1533,Customer 33,East,Jharkhand,Office Supplies,Paper,A4 Paper Pack,1759.09,2,0.0,226.76
ORD-100945,2025-08-05,CUST-1300,Customer 71,South,Kerala,Technology,Accessories,Webcam HD,951.64,2,0.1,187.03
ORD-100946,2024-08-11,CUST-1124,Customer 208,South,Kerala,Technology,Phones,ProPhone X,61286.17,1,0.05,3873.4
ORD-100947,2023-09-29,CUST-1562,Customer 637,South,Andhra Pradesh,Furniture,Tables,Office Desk,22284.67,2,0.1,5977.14
ORD-100948,2023-07-24,CUST-1246,Customer 182,North,Delhi,Technology,Laptops,UltraBook 14,120463.03,2,0.1,13574.69
ORD-100949,2024-12-20,CUST-1055,Customer 44,West,Gujarat,Technology,Accessories,Mechanical Keyboard,6431.58,2,0.15,1637.02
ORD-100950,2023-05-20,CUST-1435,Customer 451,South,Kerala,Technology,Accessories,Mechanical Keyboard,10703.64,3,0.15,2446.05
ORD-100951,2025-08-06,CUST-1108,Customer 21,North,Punjab,Office Supplies,Binders,Ring Binder,735.82,1,0.0,80.21
ORD-100952,2023-01-13,CUST-1303,Customer 234,West,Goa,Technology,Laptops,UltraBook 14,60968.75,1,0.15,5147.96
ORD-100953,2024-08-25,CUST-1378,Customer 84,North,Delhi,Technology,Phones,ProPhone X,38439.61,1,0.05,5635.51
ORD-100954,2025-02-26,CUST-1451,Customer 18,North,Haryana,Technology,Phones,Galaxy Max,43891.19,1,0.15,2234.37
ORD-100955,2023-02-13,CUST-1439,Customer 330,North,Haryana,Furniture,Chairs,Visitor Chair,37214.89,3,0.1,8286.33
ORD-100956,2023-05-18,CUST-1483,Customer 313,West,Goa,Technology,Accessories,Wireless Mouse,6841.06,2,0.0,937.42
ORD-100957,2024-01-03,CUST-1433,Customer 111,West,Maharashtra,Furniture,Chairs,Visitor Chair,7105.92,3,0.1,1434.06
ORD-100958,2025-01-30,CUST-1295,Customer 270,East,Jharkhand,Technology,Laptops,WorkMate 13,258071.72,4,0.15,55800.19
ORD-100959,2023-09-18,CUST-1592,Customer 388,West,Maharashtra,Technology,Accessories,Webcam HD,2658.94,1,0.0,251.0
ORD-100960,2024-03-12,CUST-1405,Customer 52,North,Uttar Pradesh,Furniture,Chairs,Visitor Chair,30191.88,2,0.15,5433.5
ORD-100961,2025-04-04,CUST-1196,Customer 564,North,Punjab,Furniture,Bookcases,Steel Shelf,35384.1,3,0.0,8264.26
ORD-100962,2025-11-16,CUST-1053,Customer 429,South,Karnataka,Technology,Laptops,WorkMate 13,44483.45,1,0.15,8527.14
ORD-100963,2025-07-26,CUST-1308,Customer 311,South,Andhra Pradesh,Office Supplies,Storage,File Box,2602.5,2,0.15,484.86
ORD-100964,2023-07-14,CUST-1130,Customer 358,East,Odisha,Technology,Phones,ProPhone X,27987.29,1,0.0,6432.7
ORD-100965,2025-08-22,CUST-1229,Customer 204,North,Delhi,Office Supplies,Storage,Storage Bin,4770.25,4,0.25,927.64
ORD-100966,2025-09-09,CUST-1644,Customer 572,West,Rajasthan,Office Supplies,Storage,Storage Bin,3245.42,2,0.05,713.0
ORD-100967,2023-07-15,CUST-1371,Customer 370,West,Maharashtra,Office Supplies,Storage,Drawer Organizer,7611.84,5,0.0,538.5
ORD-100968,2025-03-12,CUST-1231,Customer 96,South,Karnataka,Furniture,Chairs,Executive Chair,4483.95,1,0.15,365.9
ORD-100969,2025-06-06,CUST-1124,Customer 98,East,Odisha,Furniture,Bookcases,Corner Shelf,36661.63,2,0.15,5129.72
ORD-100970,2023-07-21,CUST-1513,Customer 252,North,Haryana,Furniture,Tables,Study Table,31750.82,4,0.25,2055.79
ORD-100971,2024-06-02,CUST-1496,Customer 358,West,Gujarat,Technology,Laptops,WorkMate 13,62000.81,1,0.05,12345.67
ORD-100972,2023-01-25,CUST-1094,Customer 470,West,Gujarat,Office Supplies,Paper,Premium Paper,1424.66,2,0.2,57.15
ORD-100973,2024-07-01,CUST-1346,Customer 24,West,Goa,Technology,Laptops,UltraBook 14,79888.3,1,0.0,18269.82
ORD-100974,2023-09-26,CUST-1620,Customer 208,West,Maharashtra,Office Supplies,Storage,File Box,1651.12,2,0.0,197.54
ORD-100975,2025-05-09,CUST-1564,Customer 288,North,Delhi,Office Supplies,Paper,A4 Paper Pack,702.28,2,0.2,52.5
ORD-100976,2024-11-11,CUST-1613,Customer 143,South,Andhra Pradesh,Furniture,Tables,Meeting Table,19552.56,2,0.1,3385.13
ORD-100977,2025-03-29,CUST-1163,Customer 487,West,Goa,Technology,Accessories,USB-C Hub,2775.57,1,0.05,438.69
ORD-100978,2024-10-31,CUST-1305,Customer 624,West,Goa,Technology,Laptops,NotePro 16,107115.57,1,0.0,25299.83
ORD-100979,2025-10-20,CUST-1567,Customer 511,North,Uttar Pradesh,Furniture,Chairs,Executive Chair,3568.77,1,0.0,806.38
ORD-100980,2024-05-06,CUST-1114,Customer 631,East,Jharkhand,Office Supplies,Paper,Premium Paper,666.09,1,0.05,83.81
ORD-100981,2024-12-13,CUST-1176,Customer 460,South,Kerala,Furniture,Tables,Compact Desk,9304.19,1,0.1,1268.2
ORD-100982,2024-07-08,CUST-1626,Customer 538,East,Bihar,Technology,Laptops,NotePro 16,120121.6,2,0.2,24716.32
ORD-100983,2023-02-04,CUST-1556,Customer 371,North,Delhi,Technology,Phones,ProPhone X,161092.59,4,0.15,27784.18
ORD-100984,2025-03-31,CUST-1594,Customer 118,East,Jharkhand,Furniture,Bookcases,Storage Cabinet,3067.57,1,0.25,202.43
ORD-100985,2025-10-19,CUST-1472,Customer 568,North,Uttar Pradesh,Furniture,Tables,Compact Desk,105470.47,4,0.1,20854.05
ORD-100986,2023-01-10,CUST-1426,Customer 21,South,Tamil Nadu,Technology,Laptops,WorkMate 13,228256.85,3,0.0,47952.59
ORD-100987,2023-11-24,CUST-1405,Customer 463,South,Andhra Pradesh,Office Supplies,Storage,File Box,7358.44,5,0.15,1031.23
ORD-100988,2025-09-22,CUST-1019,Customer 538,West,Rajasthan,Office Supplies,Paper,Premium Paper,1230.82,2,0.15,276.95
ORD-100989,2025-10-02,CUST-1213,Customer 365,North,Haryana,Technology,Phones,Galaxy Max,63575.03,2,0.2,2695.42
ORD-100990,2023-06-02,CUST-1307,Customer 173,South,Karnataka,Technology,Phones,ProPhone X,58422.12,2,0.1,3801.61
ORD-100991,2023-04-08,CUST-1339,Customer 414,South,Karnataka,Technology,Accessories,Mechanical Keyboard,7722.92,2,0.2,1286.92
ORD-100992,2025-07-28,CUST-1240,Customer 393,West,Maharashtra,Office Supplies,Paper,Color Paper,3555.92,4,0.1,337.34
ORD-100993,2024-01-16,CUST-1126,Customer 482,South,Karnataka,Furniture,Tables,Office Desk,20199.74,1,0.05,4154.71
ORD-100994,2023-02-03,CUST-1582,Customer 135,North,Punjab,Furniture,Bookcases,Corner Shelf,18308.56,2,0.1,1409.87
ORD-100995,2025-06-17,CUST-1249,Customer 86,North,Delhi,Technology,Phones,Galaxy Max,88418.99,2,0.1,15433.31
ORD-100996,2024-05-20,CUST-1639,Customer 339,North,Delhi,Furniture,Chairs,Visitor Chair,31566.23,2,0.1,3859.43
ORD-100997,2025-03-10,CUST-1442,Customer 640,South,Karnataka,Office Supplies,Storage,Storage Bin,1876.13,1,0.1,258.44
ORD-100998,2024-04-20,CUST-1530,Customer 554,South,Kerala,Furniture,Tables,Office Desk,75037.13,4,0.0,14428.02
ORD-100999,2024-01-18,CUST-1136,Customer 423,East,West Bengal,Office Supplies,Storage,Storage Bin,2597.5,4,0.25,398.56
ORD-101000,2024-10-05,CUST-1487,Customer 206,North,Delhi,Technology,Accessories,Wireless Mouse,2743.76,1,0.15,531.76
ORD-101001,2023-09-07,CUST-1176,Customer 294,North,Haryana,Office Supplies,Binders,Presentation Binder,2065.72,3,0.0,216.57
ORD-101002,2024-01-19,CUST-1105,Customer 70,South,Tamil Nadu,Technology,Phones,SmartOne 12,60136.24,2,0.25,12786.44
ORD-101003,2025-08-06,CUST-1609,Customer 398,South,Tamil Nadu,Technology,Laptops,NotePro 16,193973.98,3,0.1,27422.54
ORD-101004,2023-07-07,CUST-1625,Customer 649,North,Uttar Pradesh,Technology,Phones,SmartOne 12,76585.03,3,0.0,19728.29
ORD-101005,2023-02-09,CUST-1147,Customer 490,South,Tamil Nadu,Office Supplies,Binders,Lever Arch File,901.39,2,0.0,249.04
ORD-101006,2025-04-06,CUST-1413,Customer 169,West,Gujarat,Furniture,Bookcases,Steel Shelf,24062.69,3,0.1,4082.02
ORD-101007,2023-09-26,CUST-1484,Customer 291,South,Tamil Nadu,Furniture,Chairs,Executive Chair,4517.24,1,0.1,1225.74
ORD-101008,2024-11-16,CUST-1503,Customer 248,South,Tamil Nadu,Office Supplies,Paper,Color Paper,1795.76,2,0.05,480.29
ORD-101009,2025-03-26,CUST-1573,Customer 214,North,Punjab,Technology,Phones,Pixel Edge,205714.77,5,0.25,1777.31
ORD-101010,2025-06-24,CUST-1603,Customer 43,South,Tamil Nadu,Technology,Accessories,Webcam HD,20396.69,5,0.15,2850.89
ORD-101011,2023-05-08,CUST-1428,Customer 625,West,Goa,Office Supplies,Binders,Presentation Binder,1258.67,2,0.05,290.98
ORD-101012,2023-10-05,CUST-1258,Customer 406,South,Andhra Pradesh,Technology,Laptops,NotePro 16,126564.14,2,0.1,16937.99
ORD-101013,2025-02-11,CUST-1132,Customer 586,West,Maharashtra,Technology,Phones,Galaxy Max,70988.35,3,0.15,12354.2
ORD-101014,2023-05-04,CUST-1477,Customer 555,South,Kerala,Office Supplies,Binders,Lever Arch File,631.43,3,0.2,104.91
ORD-101015,2025-04-09,CUST-1435,Customer 557,West,Gujarat,Technology,Accessories,USB-C Hub,13697.35,4,0.1,826.65
ORD-101016,2025-11-06,CUST-1123,Customer 67,North,Punjab,Office Supplies,Paper,Premium Paper,1698.43,5,0.1,275.53
ORD-101017,2023-03-29,CUST-1345,Customer 256,West,Maharashtra,Technology,Laptops,UltraBook 14,140408.71,2,0.2,5527.94
ORD-101018,2023-04-14,CUST-1279,Customer 9,North,Haryana,Furniture,Bookcases,Corner Shelf,22885.8,3,0.05,4144.54
ORD-101019,2024-01-11,CUST-1592,Customer 372,South,Kerala,Office Supplies,Storage,Drawer Organizer,4597.41,3,0.0,498.48
ORD-101020,2024-01-05,CUST-1282,Customer 89,North,Delhi,Office Supplies,Storage,Storage Bin,5786.38,3,0.0,665.23
ORD-101021,2024-07-24,CUST-1283,Customer 31,East,Jharkhand,Furniture,Tables,Meeting Table,19630.36,1,0.0,3798.26
ORD-101022,2025-06-26,CUST-1117,Customer 35,South,Tamil Nadu,Furniture,Tables,Office Desk,34276.63,2,0.1,4173.88
ORD-101023,2024-11-21,CUST-1477,Customer 15,North,Haryana,Technology,Accessories,USB-C Hub,9660.01,2,0.05,2034.71
ORD-101024,2025-03-07,CUST-1370,Customer 394,West,Gujarat,Technology,Laptops,WorkMate 13,309874.56,3,0.05,61727.93
ORD-101025,2024-11-22,CUST-1265,Customer 531,North,Haryana,Furniture,Chairs,Ergo Chair,11168.66,2,0.15,2362.13
ORD-101026,2023-04-03,CUST-1014,Customer 114,West,Maharashtra,Office Supplies,Storage,Storage Bin,3514.57,3,0.25,70.49
ORD-101027,2024-04-04,CUST-1218,Customer 532,South,Tamil Nadu,Furniture,Chairs,Executive Chair,15862.44,2,0.2,1509.52
ORD-101028,2025-07-14,CUST-1224,Customer 368,South,Andhra Pradesh,Furniture,Chairs,Executive Chair,27982.01,2,0.0,5708.16
ORD-101029,2024-12-29,CUST-1197,Customer 397,West,Maharashtra,Furniture,Bookcases,Oak Bookcase,32622.89,3,0.1,6955.46
ORD-101030,2024-12-09,CUST-1322,Customer 560,South,Kerala,Office Supplies,Paper,Color Paper,848.77,2,0.05,230.22
ORD-101031,2024-08-01,CUST-1263,Customer 133,East,Jharkhand,Office Supplies,Binders,Lever Arch File,878.57,5,0.0,158.83
ORD-101032,2024-04-27,CUST-1494,Customer 381,East,Jharkhand,Technology,Accessories,Wireless Mouse,8236.23,3,0.15,802.33
ORD-101033,2023-11-03,CUST-1116,Customer 617,South,Andhra Pradesh,Furniture,Bookcases,Storage Cabinet,18318.45,3,0.1,3288.28
ORD-101034,2023-11-06,CUST-1132,Customer 613,East,Odisha,Office Supplies,Paper,Premium Paper,805.3,2,0.1,104.7
ORD-101035,2024-08-06,CUST-1248,Customer 633,South,Kerala,Furniture,Bookcases,Oak Bookcase,6811.09,1,0.0,1259.8
ORD-101036,2023-06-22,CUST-1602,Customer 362,West,Gujarat,Technology,Phones,ProPhone X,137308.6,5,0.0,26473.28
ORD-101037,2023-01-22,CUST-1577,Customer 491,North,Haryana,Technology,Accessories,Wireless Mouse,5569.46,1,0.05,979.48
ORD-101038,2024-01-28,CUST-1634,Customer 419,South,Andhra Pradesh,Office Supplies,Storage,Drawer Organizer,8761.05,5,0.1,946.18
ORD-101039,2024-03-10,CUST-1506,Customer 50,South,Tamil Nadu,Office Supplies,Storage,Drawer Organizer,6395.38,5,0.2,250.95
ORD-101040,2025-01-27,CUST-1559,Customer 407,North,Uttar Pradesh,Technology,Accessories,Mechanical Keyboard,4419.55,3,0.1,809.88
ORD-101041,2023-03-22,CUST-1303,Customer 115,East,Bihar,Office Supplies,Paper,A4 Paper Pack,810.52,2,0.1,191.04
ORD-101042,2023-12-01,CUST-1622,Customer 56,West,Goa,Technology,Accessories,Mechanical Keyboard,3161.14,1,0.2,21.02
ORD-101043,2025-06-13,CUST-1195,Customer 321,East,West Bengal,Technology,Laptops,WorkMate 13,74635.12,1,0.1,20250.75
ORD-101044,2023-09-16,CUST-1180,Customer 288,West,Goa,Office Supplies,Binders,Ring Binder,2668.61,3,0.0,718.94
ORD-101045,2025-01-09,CUST-1156,Customer 75,East,West Bengal,Technology,Laptops,ProBook 15,124417.49,3,0.1,32524.32
ORD-101046,2023-01-23,CUST-1405,Customer 439,East,West Bengal,Technology,Phones,ProPhone X,76522.64,2,0.1,15698.16
ORD-101047,2024-12-16,CUST-1006,Customer 412,North,Haryana,Furniture,Chairs,Visitor Chair,28627.04,2,0.05,1929.69
ORD-101048,2025-02-26,CUST-1295,Customer 78,North,Delhi,Technology,Laptops,ProBook 15,41279.26,1,0.1,8542.65
ORD-101049,2023-09-04,CUST-1129,Customer 344,North,Delhi,Technology,Accessories,Webcam HD,17672.15,4,0.15,2209.07
ORD-101050,2023-04-17,CUST-1149,Customer 118,West,Goa,Office Supplies,Paper,Premium Paper,2495.9,4,0.1,403.06
ORD-101051,2024-08-03,CUST-1370,Customer 614,South,Kerala,Furniture,Bookcases,Oak Bookcase,9139.73,1,0.15,841.16
ORD-101052,2024-02-06,CUST-1187,Customer 34,South,Tamil Nadu,Office Supplies,Binders,Ring Binder,2655.49,5,0.15,275.95
ORD-101053,2024-10-14,CUST-1577,Customer 484,South,Tamil Nadu,Technology,Phones,ProPhone X,157282.56,3,0.0,42220.45
ORD-101054,2024-01-31,CUST-1447,Customer 151,West,Maharashtra,Technology,Accessories,Wireless Mouse,21778.36,5,0.1,5941.13
ORD-101055,2024-09-18,CUST-1118,Customer 95,South,Karnataka,Technology,Laptops,NotePro 16,154317.14,3,0.1,33416.44
ORD-101056,2024-06-29,CUST-1031,Customer 553,West,Goa,Office Supplies,Paper,Color Paper,720.37,2,0.1,111.85
ORD-101057,2025-07-28,CUST-1351,Customer 258,West,Gujarat,Furniture,Chairs,Ergo Chair,8762.69,3,0.1,2314.83
ORD-101058,2025-07-03,CUST-1245,Customer 601,South,Karnataka,Technology,Accessories,Mechanical Keyboard,4940.07,1,0.15,1378.41
ORD-101059,2025-10-13,CUST-1161,Customer 456,West,Rajasthan,Office Supplies,Paper,Premium Paper,587.61,2,0.05,109.2
ORD-101060,2023-01-31,CUST-1305,Customer 557,South,Tamil Nadu,Furniture,Tables,Meeting Table,36400.02,5,0.05,1865.95
ORD-101061,2024-05-05,CUST-1226,Customer 249,West,Gujarat,Technology,Phones,ProPhone X,17618.69,1,0.15,3108.52
ORD-101062,2023-08-30,CUST-1325,Customer 200,South,Tamil Nadu,Technology,Laptops,ProBook 15,108342.11,1,0.0,12389.03
ORD-101063,2025-05-15,CUST-1283,Customer 520,North,Punjab,Office Supplies,Storage,Storage Bin,2021.82,2,0.15,500.77
ORD-101064,2023-04-05,CUST-1018,Customer 314,North,Haryana,Technology,Laptops,WorkMate 13,359049.05,4,0.0,99558.62
ORD-101065,2023-09-21,CUST-1119,Customer 245,South,Karnataka,Office Supplies,Binders,Ring Binder,769.42,1,0.1,91.28
ORD-101066,2024-10-08,CUST-1187,Customer 332,West,Gujarat,Technology,Phones,Galaxy Max,47243.83,1,0.0,9528.51
ORD-101067,2025-05-30,CUST-1402,Customer 87,South,Tamil Nadu,Furniture,Tables,Study Table,73575.13,3,0.1,17860.05
ORD-101068,2023-01-23,CUST-1558,Customer 50,West,Goa,Technology,Accessories,Webcam HD,8320.71,2,0.1,1420.0
ORD-101069,2025-03-18,CUST-1624,Customer 424,South,Kerala,Technology,Accessories,Wireless Mouse,3078.48,1,0.1,330.99
ORD-101070,2025-03-26,CUST-1267,Customer 77,East,Odisha,Technology,Phones,Galaxy Max,147286.93,3,0.1,11010.92
ORD-101071,2023-07-18,CUST-1033,Customer 415,East,Jharkhand,Office Supplies,Storage,Drawer Organizer,1425.85,2,0.1,240.82
ORD-101072,2025-09-16,CUST-1355,Customer 125,North,Haryana,Technology,Laptops,WorkMate 13,37636.65,1,0.0,2270.97
ORD-101073,2023-03-05,CUST-1036,Customer 476,East,Jharkhand,Technology,Phones,Pixel Edge,93108.93,2,0.0,19398.09
ORD-101074,2023-03-04,CUST-1438,Customer 410,North,Delhi,Furniture,Bookcases,Oak Bookcase,15727.61,2,0.15,2166.61
ORD-101075,2023-01-30,CUST-1608,Customer 593,North,Punjab,Technology,Accessories,Wireless Mouse,5095.22,1,0.05,1215.44
ORD-101076,2023-02-20,CUST-1176,Customer 517,East,Bihar,Technology,Laptops,ProBook 15,248868.21,4,0.1,41931.44
ORD-101077,2025-07-20,CUST-1331,Customer 628,North,Haryana,Office Supplies,Storage,File Box,1336.3,1,0.0,328.23
ORD-101078,2024-12-01,CUST-1251,Customer 247,East,Jharkhand,Technology,Phones,Pixel Edge,51512.54,1,0.1,7194.17
ORD-101079,2024-01-30,CUST-1159,Customer 399,North,Uttar Pradesh,Furniture,Chairs,Mesh Chair,3973.33,1,0.0,801.03
ORD-101080,2024-07-02,CUST-1201,Customer 511,South,Tamil Nadu,Technology,Laptops,WorkMate 13,31481.65,1,0.2,4010.06
ORD-101081,2025-06-18,CUST-1097,Customer 539,North,Delhi,Technology,Accessories,Webcam HD,4597.93,3,0.05,608.15
ORD-101082,2023-09-18,CUST-1389,Customer 563,West,Rajasthan,Technology,Phones,Pixel Edge,30830.34,1,0.1,3139.71
ORD-101083,2025-09-29,CUST-1223,Customer 354,West,Rajasthan,Technology,Accessories,Wireless Mouse,1004.79,2,0.1,257.69
ORD-101084,2025-01-29,CUST-1578,Customer 326,West,Rajasthan,Office Supplies,Binders,Lever Arch File,1206.3,4,0.0,258.01
ORD-101085,2025-05-13,CUST-1148,Customer 165,East,West Bengal,Furniture,Bookcases,Storage Cabinet,8787.22,2,0.2,1075.67
ORD-101086,2024-03-28,CUST-1466,Customer 27,South,Karnataka,Furniture,Chairs,Executive Chair,4537.99,1,0.2,531.63
ORD-101087,2023-02-06,CUST-1262,Customer 325,North,Delhi,Furniture,Bookcases,Corner Shelf,13206.22,3,0.1,2728.05
ORD-101088,2023-11-08,CUST-1523,Customer 150,North,Delhi,Technology,Accessories,Wireless Mouse,3726.1,1,0.15,960.3
ORD-101089,2023-02-08,CUST-1630,Customer 3,West,Gujarat,Technology,Laptops,UltraBook 14,234785.07,3,0.05,41378.43
ORD-101090,2025-01-15,CUST-1078,Customer 219,West,Gujarat,Furniture,Bookcases,Steel Shelf,10174.63,2,0.15,1553.27
ORD-101091,2025-12-06,CUST-1514,Customer 117,South,Andhra Pradesh,Technology,Laptops,UltraBook 14,63008.1,1,0.0,12140.81
ORD-101092,2025-12-14,CUST-1226,Customer 547,East,Jharkhand,Technology,Accessories,Webcam HD,1996.13,2,0.1,425.54
ORD-101093,2023-01-14,CUST-1401,Customer 541,North,Uttar Pradesh,Technology,Phones,Galaxy Max,209505.17,5,0.1,56683.99
ORD-101094,2023-11-16,CUST-1624,Customer 291,West,Rajasthan,Technology,Laptops,ProBook 15,86450.53,2,0.05,11400.06
ORD-101095,2024-06-11,CUST-1456,Customer 198,South,Kerala,Technology,Phones,SmartOne 12,70193.0,3,0.15,4101.43
ORD-101096,2023-07-18,CUST-1060,Customer 106,North,Punjab,Office Supplies,Binders,Ring Binder,904.21,2,0.15,54.35
ORD-101097,2025-05-18,CUST-1532,Customer 203,West,Goa,Furniture,Chairs,Mesh Chair,4363.37,1,0.15,503.94
ORD-101098,2025-10-11,CUST-1572,Customer 472,West,Rajasthan,Technology,Phones,ProPhone X,38857.17,1,0.2,4569.52
ORD-101099,2025-09-09,CUST-1133,Customer 325,North,Haryana,Office Supplies,Storage,Drawer Organizer,3995.49,3,0.1,213.5
ORD-101100,2024-05-31,CUST-1319,Customer 1,East,Odisha,Technology,Laptops,WorkMate 13,289332.38,3,0.1,61411.28
ORD-101101,2025-07-09,CUST-1307,Customer 632,North,Punjab,Technology,Accessories,Webcam HD,2634.45,1,0.0,577.72
ORD-101102,2023-03-19,CUST-1193,Customer 69,West,Maharashtra,Office Supplies,Binders,Lever Arch File,715.66,2,0.2,170.03
ORD-101103,2025-05-26,CUST-1005,Customer 467,East,Bihar,Technology,Accessories,Mechanical Keyboard,3029.1,1,0.15,273.39
ORD-101104,2023-05-25,CUST-1581,Customer 540,East,Odisha,Technology,Laptops,WorkMate 13,430619.0,5,0.1,90560.56
ORD-101105,2023-04-24,CUST-1488,Customer 24,North,Delhi,Furniture,Tables,Compact Desk,23927.72,1,0.1,4830.9
ORD-101106,2025-12-04,CUST-1499,Customer 213,West,Goa,Technology,Phones,SmartOne 12,134186.7,3,0.2,21849.05
ORD-101107,2024-02-14,CUST-1000,Customer 284,West,Gujarat,Technology,Accessories,Mechanical Keyboard,4971.99,1,0.05,260.61
ORD-101108,2023-12-09,CUST-1245,Customer 107,West,Maharashtra,Furniture,Tables,Meeting Table,6351.92,1,0.0,502.7
ORD-101109,2023-05-16,CUST-1208,Customer 363,South,Karnataka,Office Supplies,Paper,Color Paper,490.51,2,0.2,44.41
ORD-101110,2024-02-01,CUST-1575,Customer 90,North,Punjab,Furniture,Bookcases,Corner Shelf,18769.77,1,0.0,2326.67
ORD-101111,2023-03-03,CUST-1189,Customer 29,South,Tamil Nadu,Technology,Accessories,Wireless Mouse,5301.54,2,0.15,1359.51
ORD-101112,2024-06-18,CUST-1001,Customer 365,South,Karnataka,Technology,Laptops,ProBook 15,258883.29,3,0.05,21665.18
ORD-101113,2025-11-10,CUST-1261,Customer 328,South,Kerala,Technology,Laptops,NotePro 16,346659.62,4,0.15,29028.66
ORD-101114,2023-08-30,CUST-1384,Customer 430,South,Andhra Pradesh,Technology,Accessories,Wireless Mouse,13584.06,3,0.0,1516.92
ORD-101115,2023-02-23,CUST-1224,Customer 159,West,Gujarat,Technology,Laptops,ProBook 15,78486.34,1,0.0,10210.3
ORD-101116,2023-12-01,CUST-1278,Customer 444,North,Delhi,Technology,Accessories,USB-C Hub,11130.49,2,0.0,810.22
ORD-101117,2025-04-23,CUST-1025,Customer 333,East,West Bengal,Furniture,Bookcases,Storage Cabinet,29665.35,2,0.1,5361.66
ORD-101118,2023-01-11,CUST-1180,Customer 366,North,Uttar Pradesh,Technology,Phones,Pixel Edge,89111.45,2,0.0,18885.09
ORD-101119,2025-02-04,CUST-1484,Customer 481,East,Bihar,Technology,Phones,ProPhone X,125362.02,3,0.15,26664.25
ORD-101120,2023-03-11,CUST-1463,Customer 179,East,Jharkhand,Technology,Accessories,Mechanical Keyboard,8449.93,2,0.1,1073.0
ORD-101121,2023-07-14,CUST-1160,Customer 154,West,Rajasthan,Office Supplies,Paper,A4 Paper Pack,949.07,2,0.05,48.19
ORD-101122,2023-02-21,CUST-1074,Customer 639,South,Tamil Nadu,Office Supplies,Paper,Color Paper,2261.3,2,0.0,524.05
ORD-101123,2023-12-02,CUST-1372,Customer 544,West,Goa,Furniture,Chairs,Ergo Chair,31639.78,4,0.05,8233.8
ORD-101124,2023-11-26,CUST-1381,Customer 146,West,Maharashtra,Technology,Phones,Pixel Edge,57058.57,2,0.1,13226.38
ORD-101125,2024-01-24,CUST-1279,Customer 31,East,West Bengal,Furniture,Bookcases,Steel Shelf,17267.23,1,0.0,2726.5
ORD-101126,2024-04-25,CUST-1123,Customer 580,West,Rajasthan,Office Supplies,Storage,Storage Bin,3536.5,5,0.0,901.02
ORD-101127,2025-04-06,CUST-1303,Customer 481,South,Kerala,Technology,Phones,ProPhone X,79336.34,4,0.05,16114.57
ORD-101128,2023-09-26,CUST-1285,Customer 394,South,Karnataka,Office Supplies,Binders,Presentation Binder,1011.29,2,0.1,252.72
ORD-101129,2023-05-25,CUST-1162,Customer 464,South,Karnataka,Office Supplies,Paper,A4 Paper Pack,695.2,1,0.1,194.5
ORD-101130,2025-12-03,CUST-1526,Customer 378,West,Gujarat,Furniture,Tables,Meeting Table,30048.72,2,0.15,3050.28
ORD-101131,2023-07-31,CUST-1393,Customer 5,North,Haryana,Technology,Phones,SmartOne 12,57966.55,2,0.2,11074.88
ORD-101132,2025-10-15,CUST-1498,Customer 12,North,Haryana,Furniture,Bookcases,Corner Shelf,30230.19,2,0.15,8295.49
ORD-101133,2024-08-20,CUST-1243,Customer 320,West,Maharashtra,Office Supplies,Binders,Lever Arch File,1465.57,2,0.05,162.27
ORD-101134,2025-01-15,CUST-1281,Customer 536,East,Jharkhand,Furniture,Bookcases,Corner Shelf,28748.98,2,0.1,6128.46
ORD-101135,2023-03-26,CUST-1037,Customer 642,East,Jharkhand,Furniture,Chairs,Mesh Chair,7857.05,1,0.15,1292.88
ORD-101136,2023-09-25,CUST-1614,Customer 340,South,Andhra Pradesh,Technology,Phones,ProPhone X,113673.85,3,0.15,12351.88
ORD-101137,2023-01-24,CUST-1556,Customer 391,North,Punjab,Furniture,Bookcases,Storage Cabinet,23465.46,3,0.15,4602.44
ORD-101138,2025-10-20,CUST-1127,Customer 36,North,Uttar Pradesh,Furniture,Chairs,Visitor Chair,22542.42,2,0.1,3411.41
ORD-101139,2025-10-13,CUST-1084,Customer 131,South,Kerala,Office Supplies,Storage,Drawer Organizer,1427.76,1,0.1,140.32
ORD-101140,2023-10-20,CUST-1206,Customer 202,West,Gujarat,Furniture,Bookcases,Steel Shelf,11808.0,2,0.0,1997.89
ORD-101141,2023-01-20,CUST-1374,Customer 172,West,Goa,Technology,Laptops,NotePro 16,147257.78,3,0.0,21716.94
ORD-101142,2025-05-10,CUST-1406,Customer 184,East,Odisha,Technology,Laptops,WorkMate 13,63532.21,2,0.1,12329.82
ORD-101143,2023-09-11,CUST-1001,Customer 644,South,Andhra Pradesh,Office Supplies,Paper,A4 Paper Pack,1987.2,4,0.2,153.13
ORD-101144,2025-07-18,CUST-1447,Customer 582,East,Jharkhand,Technology,Laptops,WorkMate 13,55614.36,1,0.0,8866.67
ORD-101145,2025-05-05,CUST-1605,Customer 633,West,Gujarat,Technology,Phones,Galaxy Max,73229.19,2,0.0,14203.92
ORD-101146,2023-10-02,CUST-1447,Customer 166,East,West Bengal,Office Supplies,Paper,Color Paper,1518.54,4,0.05,239.36
ORD-101147,2025-07-04,CUST-1485,Customer 129,South,Karnataka,Office Supplies,Binders,Presentation Binder,1025.96,2,0.0,153.66
ORD-101148,2025-05-22,CUST-1173,Customer 46,West,Maharashtra,Technology,Accessories,Mechanical Keyboard,11381.07,3,0.05,905.8
ORD-101149,2024-05-08,CUST-1209,Customer 224,West,Maharashtra,Technology,Laptops,WorkMate 13,461400.03,5,0.1,115269.78
ORD-101150,2024-02-06,CUST-1335,Customer 492,East,Jharkhand,Office Supplies,Binders,Ring Binder,612.42,1,0.0,139.8
ORD-101151,2025-05-07,CUST-1316,Customer 598,East,Jharkhand,Technology,Phones,Galaxy Max,43606.8,2,0.15,6266.62
ORD-101152,2024-10-13,CUST-1200,Customer 583,North,Haryana,Furniture,Chairs,Executive Chair,56464.68,5,0.2,315.24
ORD-101153,2023-04-30,CUST-1258,Customer 467,South,Kerala,Furniture,Bookcases,Oak Bookcase,8005.85,2,0.15,1034.91
ORD-101154,2025-04-29,CUST-1603,Customer 503,North,Uttar Pradesh,Furniture,Tables,Office Desk,42087.9,2,0.25,5440.87
ORD-101155,2024-03-07,CUST-1140,Customer 604,South,Andhra Pradesh,Furniture,Bookcases,Oak Bookcase,37093.6,2,0.1,3683.52
ORD-101156,2024-03-07,CUST-1614,Customer 338,North,Delhi,Office Supplies,Storage,File Box,1831.16,1,0.15,233.18
ORD-101157,2024-04-16,CUST-1300,Customer 370,West,Rajasthan,Furniture,Chairs,Executive Chair,6402.67,1,0.15,1696.18
ORD-101158,2025-06-15,CUST-1479,Customer 57,South,Kerala,Technology,Laptops,WorkMate 13,169782.35,3,0.15,18698.23
ORD-101159,2024-05-29,CUST-1416,Customer 91,West,Goa,Furniture,Tables,Compact Desk,33706.05,2,0.15,9221.04
ORD-101160,2024-11-06,CUST-1197,Customer 308,East,Bihar,Office Supplies,Paper,Premium Paper,1113.5,2,0.15,114.01
ORD-101161,2025-04-13,CUST-1322,Customer 243,North,Punjab,Office Supplies,Storage,Drawer Organizer,4250.26,4,0.15,328.49
ORD-101162,2023-08-13,CUST-1146,Customer 197,West,Goa,Office Supplies,Storage,Drawer Organizer,489.77,1,0.2,69.38
ORD-101163,2024-06-16,CUST-1450,Customer 155,East,Odisha,Office Supplies,Storage,Storage Bin,2514.94,2,0.2,259.68
ORD-101164,2023-06-30,CUST-1436,Customer 630,North,Punjab,Furniture,Bookcases,Corner Shelf,11427.63,1,0.25,1965.28
ORD-101165,2025-02-04,CUST-1122,Customer 209,West,Goa,Technology,Laptops,WorkMate 13,368147.08,4,0.15,72332.34
ORD-101166,2023-09-11,CUST-1396,Customer 219,South,Kerala,Technology,Accessories,Wireless Mouse,13476.07,3,0.1,1119.15
ORD-101167,2024-05-14,CUST-1140,Customer 506,South,Andhra Pradesh,Office Supplies,Storage,Storage Bin,3688.04,2,0.0,1026.14
ORD-101168,2023-02-03,CUST-1571,Customer 191,North,Uttar Pradesh,Technology,Laptops,NotePro 16,49694.94,1,0.0,11578.38
ORD-101169,2024-06-16,CUST-1298,Customer 541,West,Gujarat,Furniture,Bookcases,Oak Bookcase,34265.77,3,0.0,5644.59
ORD-101170,2024-08-04,CUST-1380,Customer 332,West,Goa,Furniture,Bookcases,Corner Shelf,39644.69,4,0.2,8095.97
ORD-101171,2023-05-02,CUST-1004,Customer 497,North,Haryana,Office Supplies,Paper,Premium Paper,1941.02,2,0.1,475.23
ORD-101172,2023-07-18,CUST-1127,Customer 540,South,Karnataka,Furniture,Chairs,Mesh Chair,16544.7,2,0.25,2280.25
ORD-101173,2024-11-04,CUST-1251,Customer 367,South,Karnataka,Technology,Laptops,ProBook 15,83242.61,1,0.1,4498.52
ORD-101174,2023-07-05,CUST-1080,Customer 583,North,Punjab,Technology,Phones,Pixel Edge,194373.2,5,0.25,24123.01
ORD-101175,2025-12-15,CUST-1019,Customer 469,South,Kerala,Office Supplies,Paper,Color Paper,505.15,1,0.1,70.62
ORD-101176,2023-01-31,CUST-1207,Customer 544,South,Kerala,Office Supplies,Storage,Drawer Organizer,3662.53,3,0.15,601.64
ORD-101177,2023-10-18,CUST-1359,Customer 546,South,Karnataka,Technology,Phones,ProPhone X,144912.91,3,0.0,22776.31
ORD-101178,2023-07-23,CUST-1074,Customer 192,South,Kerala,Office Supplies,Storage,Drawer Organizer,6333.81,3,0.0,1242.8
ORD-101179,2025-05-22,CUST-1473,Customer 98,South,Kerala,Office Supplies,Binders,Ring Binder,443.78,1,0.05,81.96
ORD-101180,2025-03-26,CUST-1645,Customer 163,South,Andhra Pradesh,Furniture,Bookcases,Steel Shelf,27010.12,2,0.1,2961.76
ORD-101181,2023-05-31,CUST-1624,Customer 340,West,Rajasthan,Office Supplies,Storage,File Box,2363.01,1,0.0,561.8
ORD-101182,2023-07-20,CUST-1053,Customer 387,West,Maharashtra,Furniture,Chairs,Visitor Chair,25533.31,2,0.2,981.53
ORD-101183,2023-11-15,CUST-1282,Customer 381,North,Punjab,Furniture,Tables,Office Desk,28327.59,1,0.0,3950.01
ORD-101184,2023-03-20,CUST-1635,Customer 623,South,Tamil Nadu,Technology,Accessories,USB-C Hub,4991.64,3,0.15,657.2
ORD-101185,2023-11-06,CUST-1606,Customer 282,North,Delhi,Furniture,Chairs,Mesh Chair,27180.49,3,0.15,5179.93
ORD-101186,2025-01-20,CUST-1565,Customer 80,West,Gujarat,Technology,Phones,ProPhone X,68431.26,2,0.0,14619.91
ORD-101187,2023-09-25,CUST-1252,Customer 36,East,Odisha,Furniture,Bookcases,Oak Bookcase,60773.06,3,0.0,12916.01
ORD-101188,2024-04-05,CUST-1157,Customer 411,West,Gujarat,Furniture,Tables,Office Desk,46402.17,2,0.15,5233.11
ORD-101189,2024-03-04,CUST-1463,Customer 174,East,Jharkhand,Furniture,Bookcases,Corner Shelf,20944.6,3,0.05,3676.63
ORD-101190,2025-12-02,CUST-1403,Customer 648,North,Delhi,Furniture,Chairs,Visitor Chair,30360.58,2,0.0,3343.62
ORD-101191,2024-01-03,CUST-1464,Customer 560,East,West Bengal,Furniture,Chairs,Ergo Chair,47350.63,3,0.0,10724.32
ORD-101192,2025-07-20,CUST-1482,Customer 566,West,Goa,Furniture,Chairs,Visitor Chair,14040.67,2,0.0,1483.28
ORD-101193,2023-11-24,CUST-1349,Customer 204,South,Tamil Nadu,Office Supplies,Storage,Drawer Organizer,1587.17,3,0.0,138.45
ORD-101194,2023-03-14,CUST-1171,Customer 462,South,Karnataka,Technology,Laptops,UltraBook 14,287130.89,3,0.0,75718.03
ORD-101195,2025-10-18,CUST-1066,Customer 1,East,Odisha,Furniture,Tables,Compact Desk,90198.26,5,0.1,21164.63
ORD-101196,2024-02-09,CUST-1188,Customer 583,East,Jharkhand,Office Supplies,Binders,Lever Arch File,568.36,1,0.0,148.59
ORD-101197,2025-03-05,CUST-1407,Customer 402,South,Tamil Nadu,Office Supplies,Paper,Premium Paper,615.22,2,0.05,141.86
ORD-101198,2025-10-15,CUST-1422,Customer 625,South,Tamil Nadu,Furniture,Bookcases,Steel Shelf,37510.07,2,0.1,10155.93
ORD-101199,2024-02-25,CUST-1565,Customer 631,West,Gujarat,Technology,Laptops,UltraBook 14,348664.47,4,0.05,91451.55
ORD-101200,2025-12-18,CUST-1517,Customer 349,West,Rajasthan,Furniture,Tables,Meeting Table,29042.74,1,0.0,6055.84
ORD-101201,2024-10-22,CUST-1647,Customer 261,North,Haryana,Office Supplies,Binders,Presentation Binder,1466.3,2,0.1,381.17
ORD-101202,2023-08-29,CUST-1221,Customer 99,East,Odisha,Furniture,Chairs,Visitor Chair,13925.64,2,0.1,1567.85
ORD-101203,2023-05-10,CUST-1507,Customer 465,North,Punjab,Technology,Accessories,Mechanical Keyboard,25784.26,5,0.05,4901.92
ORD-101204,2025-06-26,CUST-1118,Customer 522,East,Bihar,Office Supplies,Paper,A4 Paper Pack,1263.17,2,0.15,327.26
ORD-101205,2025-03-24,CUST-1024,Customer 575,North,Haryana,Office Supplies,Storage,Storage Bin,1465.8,1,0.15,187.52
ORD-101206,2023-11-13,CUST-1141,Customer 89,East,Bihar,Furniture,Bookcases,Storage Cabinet,58769.87,5,0.1,8392.76
ORD-101207,2025-11-23,CUST-1624,Customer 538,East,Bihar,Office Supplies,Binders,Presentation Binder,1957.91,3,0.05,107.09
ORD-101208,2023-10-16,CUST-1257,Customer 338,South,Tamil Nadu,Technology,Accessories,Mechanical Keyboard,23613.77,5,0.1,6128.79
ORD-101209,2025-11-23,CUST-1363,Customer 524,South,Tamil Nadu,Office Supplies,Binders,Lever Arch File,618.85,2,0.15,117.9
ORD-101210,2023-10-05,CUST-1262,Customer 207,West,Rajasthan,Technology,Laptops,WorkMate 13,95378.42,1,0.05,13956.36
ORD-101211,2025-10-22,CUST-1361,Customer 183,West,Maharashtra,Technology,Phones,Galaxy Max,42851.94,1,0.05,4412.03
ORD-101212,2024-04-18,CUST-1078,Customer 567,North,Delhi,Office Supplies,Binders,Presentation Binder,1658.86,2,0.05,127.7
ORD-101213,2023-04-01,CUST-1643,Customer 447,South,Kerala,Technology,Accessories,Webcam HD,9282.89,2,0.0,1867.53
ORD-101214,2025-12-30,CUST-1435,Customer 360,North,Haryana,Technology,Accessories,Webcam HD,14226.7,3,0.1,2639.65
ORD-101215,2023-02-17,CUST-1596,Customer 282,South,Andhra Pradesh,Technology,Accessories,Mechanical Keyboard,12592.95,3,0.0,1083.57
ORD-101216,2024-11-02,CUST-1512,Customer 279,West,Rajasthan,Furniture,Chairs,Visitor Chair,59586.83,4,0.0,9148.24
ORD-101217,2023-04-28,CUST-1618,Customer 236,South,Tamil Nadu,Furniture,Tables,Study Table,30515.4,2,0.1,2689.65
ORD-101218,2024-08-26,CUST-1098,Customer 231,South,Andhra Pradesh,Office Supplies,Storage,File Box,7199.48,3,0.0,881.92
ORD-101219,2023-09-21,CUST-1148,Customer 605,North,Delhi,Office Supplies,Paper,Color Paper,1174.89,1,0.0,269.8
ORD-101220,2023-07-06,CUST-1470,Customer 93,West,Rajasthan,Furniture,Bookcases,Oak Bookcase,31857.25,2,0.05,1780.97
ORD-101221,2023-04-30,CUST-1481,Customer 489,East,Bihar,Technology,Phones,ProPhone X,74628.91,3,0.0,7684.47
ORD-101222,2025-08-18,CUST-1196,Customer 163,North,Delhi,Office Supplies,Paper,A4 Paper Pack,369.13,1,0.05,79.54
ORD-101223,2023-01-10,CUST-1218,Customer 461,West,Rajasthan,Furniture,Bookcases,Storage Cabinet,61459.38,4,0.15,4088.27
ORD-101224,2024-07-10,CUST-1126,Customer 148,West,Goa,Furniture,Bookcases,Steel Shelf,34909.83,2,0.15,6561.08
ORD-101225,2023-03-14,CUST-1006,Customer 266,North,Punjab,Office Supplies,Binders,Lever Arch File,842.01,2,0.2,50.13
ORD-101226,2024-12-10,CUST-1158,Customer 64,North,Uttar Pradesh,Furniture,Tables,Meeting Table,17072.07,2,0.0,1503.73
ORD-101227,2023-07-15,CUST-1492,Customer 528,West,Maharashtra,Furniture,Chairs,Visitor Chair,10380.25,1,0.0,2060.08
ORD-101228,2023-12-09,CUST-1621,Customer 245,North,Punjab,Office Supplies,Binders,Presentation Binder,218.67,1,0.0,55.55
ORD-101229,2024-12-12,CUST-1067,Customer 191,East,Jharkhand,Technology,Accessories,Mechanical Keyboard,927.77,1,0.1,99.37
ORD-101230,2023-03-09,CUST-1120,Customer 385,East,West Bengal,Office Supplies,Storage,File Box,10583.23,5,0.0,2331.08
ORD-101231,2023-05-31,CUST-1594,Customer 535,South,Tamil Nadu,Office Supplies,Storage,Drawer Organizer,4203.6,3,0.0,833.86
ORD-101232,2023-10-02,CUST-1508,Customer 130,South,Andhra Pradesh,Furniture,Chairs,Mesh Chair,26276.08,2,0.1,2764.79
ORD-101233,2024-01-23,CUST-1304,Customer 354,South,Andhra Pradesh,Technology,Phones,Pixel Edge,84264.84,2,0.05,21237.72
ORD-101234,2024-09-07,CUST-1508,Customer 208,South,Kerala,Technology,Phones,Pixel Edge,80162.53,3,0.0,9891.15
ORD-101235,2024-01-22,CUST-1490,Customer 60,West,Maharashtra,Technology,Phones,Pixel Edge,37150.18,1,0.0,4475.48
ORD-101236,2025-08-03,CUST-1191,Customer 543,East,Odisha,Technology,Laptops,WorkMate 13,78649.05,1,0.25,9133.37
ORD-101237,2024-06-20,CUST-1190,Customer 418,South,Andhra Pradesh,FURNITURE,Chairs,Visitor Chair,54672.55,4,0.15,11972.29
ORD-101238,2025-07-19,CUST-1373,Customer 8,South,Karnataka,Office Supplies,Storage,Storage Bin,2352.93,3,0.1,591.41
ORD-101239,2024-09-06,CUST-1003,Customer 10,North,Uttar Pradesh,Furniture,Tables,Compact Desk,9780.55,1,0.0,1273.46
ORD-101240,2024-01-03,CUST-1321,Customer 29,East,Jharkhand,Technology,Phones,SmartOne 12,40034.12,2,0.2,2676.1
ORD-101241,2025-11-14,CUST-1077,Customer 159,West,Goa,Furniture,Bookcases,Storage Cabinet,10384.65,2,0.05,603.9
ORD-101242,2024-11-02,CUST-1537,Customer 336,South,Kerala,Technology,Laptops,ProBook 15,47194.3,1,0.05,9921.78
ORD-101243,2025-11-25,CUST-1026,Customer 301,West,Maharashtra,Furniture,Chairs,Executive Chair,2969.86,1,0.05,248.67
ORD-101244,2023-08-08,CUST-1085,Customer 199,north,Uttar Pradesh,Office Supplies,Binders,Ring Binder,420.92,1,0.15,106.49
ORD-101245,2025-05-27,CUST-1530,Customer 84,East,Bihar,Technology,Accessories,Wireless Mouse,3668.97,3,0.15,549.76
ORD-101246,2025-09-11,CUST-1322,Customer 126,West,Goa,Technology,Phones,ProPhone X,56720.43,2,0.1,11299.53
ORD-101247,2023-10-03,CUST-1496,Customer 219,South,Karnataka,Technology,Laptops,NotePro 16,40478.02,1,0.15,4743.58
ORD-101248,2025-08-12,CUST-1241,Customer 636,South,Andhra Pradesh,Furniture,Bookcases,Storage Cabinet,42719.0,3,0.15,3596.31
ORD-101249,2023-07-09,CUST-1206,Customer 334,West,Goa,Technology,Laptops,ProBook 15,162809.98,2,0.05,22086.54
ORD-101250,2025-06-17,CUST-1501,Customer 531,North,Delhi,Technology,Phones,ProPhone X,85161.37,2,0.2,15011.57
ORD-101251,2024-12-14,CUST-1604,Customer 104,West,Goa,Technology,Accessories,USB-C Hub,4310.95,1,0.0,1043.25
ORD-101252,2023-02-08,CUST-1310,Customer 219,North,Haryana,Technology,Accessories,Wireless Mouse,8490.49,3,0.15,1478.9
ORD-101253,2023-12-19,CUST-1321,Customer 17,South,Karnataka,Office Supplies,Storage,File Box,390.74,1,0.05,44.8
ORD-101254,2024-08-18,CUST-1230,Customer 14,West,Goa,Furniture,Chairs,Executive Chair,24579.06,4,0.25,131.24
ORD-101255,2023-01-06,CUST-1443,Customer 568,North,Haryana,Office Supplies,Paper,Color Paper,1534.94,2,0.1,179.04
ORD-101256,2025-06-13,CUST-1007,Customer 54,West,Goa,Technology,Laptops,UltraBook 14,172718.24,3,0.05,10180.74
ORD-101257,2025-07-28,CUST-1247,Customer 81,North,Punjab,Technology,Phones,Pixel Edge,120662.47,3,0.15,23352.35
ORD-101258,2025-11-12,CUST-1444,Customer 18,East,Bihar,Furniture,Chairs,Ergo Chair,55672.34,4,0.0,4116.46
ORD-101259,2024-02-03,CUST-1463,Customer 338,North,Uttar Pradesh,Furniture,Chairs,Visitor Chair,8075.52,1,0.25,722.45
ORD-101260,2023-11-27,CUST-1537,Customer 177,South,Andhra Pradesh,Office Supplies,Binders,Ring Binder,1589.72,2,0.0,191.34
ORD-101261,2023-10-19,CUST-1061,Customer 264,West,Goa,Technology,Laptops,NotePro 16,100944.94,2,0.25,4920.76
ORD-101262,2025-09-11,CUST-1341,Customer 392,North,Uttar Pradesh,Technology,Accessories,USB-C Hub,13439.58,3,0.0,3055.04
ORD-101263,2025-03-08,CUST-1422,Customer 514,East,Jharkhand,Technology,Phones,Pixel Edge,39373.05,1,0.05,3455.29
ORD-101264,2024-04-13,CUST-1420,Customer 226,West,Goa,Technology,Accessories,Mechanical Keyboard,16442.65,4,0.05,3050.55
ORD-101265,2025-07-31,CUST-1459,Customer 133,South,Karnataka,Technology,Laptops,UltraBook 14,175529.15,2,0.0,26181.21
ORD-101266,2025-07-19,CUST-1450,Customer 281,West,Gujarat,Furniture,Bookcases,Steel Shelf,12608.58,2,0.1,1075.26
ORD-101267,2024-10-12,CUST-1540,Customer 45,South,Kerala,Furniture,Bookcases,Corner Shelf,28400.15,4,0.25,5370.09
ORD-101268,2024-08-31,CUST-1608,Customer 563,South,Andhra Pradesh,Furniture,Chairs,Mesh Chair,13032.68,2,0.15,1798.94
ORD-101269,2023-05-04,CUST-1500,Customer 436,West,Rajasthan,Technology,Accessories,Webcam HD,1621.65,1,0.1,417.15
ORD-101270,2024-06-05,CUST-1587,Customer 171,South,Andhra Pradesh,Technology,Phones,SmartOne 12,173685.44,3,0.0,13780.0
ORD-101271,2024-11-30,CUST-1182,Customer 340,West,Rajasthan,Technology,Phones,SmartOne 12,36351.79,2,0.0,2479.45
ORD-101272,2023-06-08,CUST-1582,Customer 512,South,Andhra Pradesh,Office Supplies,Storage,Drawer Organizer,1861.45,2,0.0,195.48
ORD-101273,2025-06-20,CUST-1240,Customer 437,South,Kerala,Furniture,Tables,Office Desk,58879.58,2,0.0,7279.51
ORD-101274,2023-06-05,CUST-1131,Customer 593,East,West Bengal,Technology,Laptops,NotePro 16,167404.51,2,0.1,35700.97
ORD-101275,2024-03-20,CUST-1259,Customer 228,West,Gujarat,Technology,Accessories,Wireless Mouse,2696.29,2,0.1,496.33
ORD-101276,2024-08-01,CUST-1574,Customer 218,South,Karnataka,Furniture,Bookcases,Corner Shelf,13396.95,2,0.1,2516.94
ORD-101277,2025-04-26,CUST-1493,Customer 427,East,Bihar,Office Supplies,Paper,Color Paper,1116.82,2,0.05,241.1
ORD-101278,2025-01-03,CUST-1309,Customer 4,East,Bihar,Furniture,Bookcases,Corner Shelf,22111.63,2,0.1,5055.44
ORD-101279,2024-07-09,CUST-1561,Customer 626,North,Punjab,Office Supplies,Paper,A4 Paper Pack,1238.46,2,0.05,309.12
ORD-101280,2023-10-22,CUST-1118,Customer 130,West,Gujarat,Technology,Accessories,Mechanical Keyboard,2906.78,2,0.1,644.27
ORD-101281,2025-03-13,CUST-1411,Customer 508,South,Tamil Nadu,Office Supplies,Paper,Color Paper,1721.98,2,0.15,240.49
ORD-101282,2024-04-12,CUST-1056,Customer 400,North,Uttar Pradesh,Technology,Laptops,WorkMate 13,139391.91,2,0.0,27862.24
ORD-101283,2025-07-12,CUST-1344,Customer 640,North,Uttar Pradesh,Technology,Phones,Galaxy Max,196794.13,4,0.05,35973.93
ORD-101284,2023-12-04,CUST-1309,Customer 456,North,Delhi,Furniture,Tables,Office Desk,15794.07,1,0.0,3305.21
ORD-101285,2025-11-22,CUST-1072,Customer 526,North,Punjab,Technology,Accessories,Mechanical Keyboard,4671.48,1,0.15,1117.49
ORD-101286,2024-04-10,CUST-1644,Customer 188,South,Tamil Nadu,Furniture,Bookcases,Steel Shelf,52930.03,5,0.05,13637.85
ORD-101287,2025-07-31,CUST-1495,Customer 437,North,Haryana,Office Supplies,Paper,A4 Paper Pack,690.56,1,0.1,140.75
ORD-101288,2024-09-29,CUST-1106,Customer 608,West,Gujarat,Technology,Laptops,UltraBook 14,72352.39,2,0.1,6084.53
ORD-101289,2023-01-14,CUST-1570,Customer 422,North,Punjab,Office Supplies,Binders,Presentation Binder,503.61,1,0.05,64.75
ORD-101290,2024-01-14,CUST-1006,Customer 455,North,Haryana,Technology,Phones,Galaxy Max,32167.51,2,0.2,3771.52
ORD-101291,2023-12-20,CUST-1624,Customer 424,East,Odisha,Furniture,Chairs,Mesh Chair,40803.56,3,0.0,7910.34
ORD-101292,2024-06-20,CUST-1575,Customer 267,North,Delhi,Office Supplies,Storage,Drawer Organizer,1875.83,2,0.0,423.34
ORD-101293,2025-01-08,CUST-1350,Customer 627,East,Jharkhand,Furniture,Bookcases,Steel Shelf,12887.3,2,0.1,3142.5
ORD-101294,2024-06-16,CUST-1625,Customer 295,South,Andhra Pradesh,Office Supplies,Storage,File Box,2219.35,3,0.1,135.0
ORD-101295,2024-12-18,CUST-1606,Customer 161,West,Maharashtra,Office Supplies,Paper,Premium Paper,1909.64,3,0.05,175.29
ORD-101296,2024-09-27,CUST-1580,Customer 601,North,Delhi,Technology,Phones,Pixel Edge,111097.34,2,0.05,18973.64
ORD-101297,2025-07-28,CUST-1536,Customer 500,East,Jharkhand,Office Supplies,Paper,A4 Paper Pack,1762.9,3,0.1,283.65
ORD-101298,2023-05-19,CUST-1305,Customer 208,South,Tamil Nadu,Technology,Phones,Pixel Edge,56946.37,1,0.05,5978.8
ORD-101299,2024-08-06,CUST-1471,Customer 377,North,Punjab,Furniture,Tables,Compact Desk,96646.11,5,0.25,18677.34
ORD-101300,2023-08-26,CUST-1401,Customer 333,South,Kerala,Technology,Accessories,Webcam HD,3858.26,1,0.1,195.9
ORD-101301,2023-02-23,CUST-1374,Customer 618,South,Andhra Pradesh,Technology,Accessories,Wireless Mouse,13691.69,3,0.1,2549.68
ORD-101302,2023-04-28,CUST-1220,Customer 390,South,Andhra Pradesh,Office Supplies,Binders,Presentation Binder,1544.65,3,0.0,131.73
ORD-101303,2024-01-11,CUST-1455,Customer 276,West,Goa,Technology,Phones,SmartOne 12,59600.92,1,0.05,4367.4
ORD-101304,2025-02-22,CUST-1211,Customer 581,South,Karnataka,Technology,Phones,SmartOne 12,62965.35,2,0.15,11934.68
ORD-101305,2025-12-16,CUST-1374,Customer 288,West,Gujarat,Technology,Accessories,Mechanical Keyboard,10637.79,3,0.15,2937.64
ORD-101306,2025-04-03,CUST-1351,Customer 466,West,Goa,Office Supplies,Storage,Storage Bin,1104.81,1,0.05,245.31
ORD-101307,2023-06-03,CUST-1316,Customer 234,West,Gujarat,Furniture,Bookcases,Corner Shelf,36956.94,3,0.2,6506.3
ORD-101308,2023-09-20,CUST-1520,Customer 281,East,West Bengal,Furniture,Tables,Meeting Table,20418.57,1,0.0,1688.05
ORD-101309,2024-04-30,CUST-1063,Customer 84,East,Bihar,Office Supplies,Binders,Presentation Binder,587.8,1,0.25,80.19
ORD-101310,2023-07-15,CUST-1615,Customer 469,West,Gujarat,Furniture,Chairs,Executive Chair,18310.48,3,0.05,1375.5
ORD-101311,2025-04-29,CUST-1116,Customer 49,South,Andhra Pradesh,Technology,Laptops,NotePro 16,47280.4,1,0.2,1866.04
ORD-101312,2024-07-20,CUST-1360,Customer 196,South,Andhra Pradesh,Office Supplies,Paper,Color Paper,356.39,1,0.1,32.47
ORD-101313,2024-12-31,CUST-1109,Customer 94,North,Haryana,Office Supplies,Paper,Color Paper,4016.65,4,0.05,535.51
ORD-101314,2025-06-16,CUST-1179,Customer 645,West,Rajasthan,Technology,Phones,SmartOne 12,62317.43,2,0.1,4191.65
ORD-101315,2025-09-22,CUST-1488,Customer 581,North,Punjab,Technology,Phones,SmartOne 12,169843.18,3,0.1,10554.09
ORD-101316,2025-12-30,CUST-1226,Customer 293,North,Haryana,Technology,Laptops,ProBook 15,184818.03,4,0.1,21006.21
ORD-101317,2024-11-03,CUST-1385,Customer 127,South,Andhra Pradesh,Furniture,Chairs,Mesh Chair,28234.76,4,0.1,4733.53
ORD-101318,2023-12-15,CUST-1629,Customer 376,East,Odisha,Technology,Accessories,Mechanical Keyboard,12330.37,4,0.1,2665.26
ORD-101319,2023-02-28,CUST-1397,Customer 351,North,Haryana,Office Supplies,Storage,File Box,1385.37,1,0.15,191.15
ORD-101320,2023-04-09,CUST-1625,Customer 253,East,Odisha,Technology,Laptops,UltraBook 14,122933.5,2,0.2,7113.95
ORD-101321,2025-02-06,CUST-1433,Customer 627,South,Tamil Nadu,Office Supplies,Paper,A4 Paper Pack,1812.75,3,0.05,160.82
ORD-101322,2023-06-22,CUST-1385,Customer 280,North,Uttar Pradesh,Office Supplies,Binders,Presentation Binder,1134.91,2,0.0,316.45
ORD-101323,2025-09-15,CUST-1108,Customer 499,West,Maharashtra,Technology,Phones,SmartOne 12,189599.85,4,0.05,48123.63
ORD-101324,2024-11-04,CUST-1228,Customer 323,East,Bihar,Technology,Phones,Galaxy Max,63520.36,2,0.0,8904.29
ORD-101325,2025-08-06,CUST-1263,Customer 391,South,Kerala,Technology,Laptops,UltraBook 14,133581.16,2,0.0,19482.1
ORD-101326,2023-04-24,CUST-1450,Customer 478,East,Jharkhand,Furniture,Tables,Office Desk,31641.36,2,0.0,4707.25
ORD-101327,2024-02-23,CUST-1349,Customer 466,North,Uttar Pradesh,Technology,Laptops,UltraBook 14,182126.15,3,0.0,25498.45
ORD-101328,2025-06-16,CUST-1020,Customer 336,North,Haryana,Office Supplies,Storage,File Box,434.63,1,0.1,108.83
ORD-101329,2025-08-11,CUST-1448,Customer 498,North,Punjab,Office Supplies,Paper,A4 Paper Pack,1711.32,2,0.1,410.76
ORD-101330,2023-06-16,CUST-1581,Customer 129,South,Kerala,Office Supplies,Binders,Ring Binder,913.32,2,0.0,207.89
ORD-101331,2025-06-17,CUST-1026,Customer 465,East,Bihar,Office Supplies,Paper,A4 Paper Pack,516.66,2,0.15,126.27
ORD-101332,2024-11-19,CUST-1073,Customer 304,North,Delhi,Technology,Accessories,Wireless Mouse,754.15,1,0.15,51.77
ORD-101333,2024-07-22,CUST-1596,Customer 217,West,Rajasthan,Furniture,Chairs,Ergo Chair,42186.22,4,0.05,11333.05
ORD-101334,2024-02-22,CUST-1364,Customer 406,South,Tamil Nadu,Technology,Accessories,USB-C Hub,9549.12,2,0.15,1863.54
ORD-101335,2023-06-11,CUST-1479,Customer 249,South,Tamil Nadu,Technology,Phones,ProPhone X,21967.56,1,0.1,1531.05
ORD-101336,2023-10-08,CUST-1222,Customer 409,South,Karnataka,Technology,Phones,Galaxy Max,98736.85,2,0.15,22001.15
ORD-101337,2024-03-27,CUST-1295,Customer 36,West,Gujarat,Furniture,Tables,Office Desk,14926.87,2,0.05,3481.21
ORD-101338,2023-03-18,CUST-1252,Customer 469,East,Jharkhand,Furniture,Bookcases,Oak Bookcase,41291.71,2,0.05,8629.6
ORD-101339,2023-03-14,CUST-1419,Customer 397,South,Tamil Nadu,Office Supplies,Storage,Drawer Organizer,1421.58,1,0.0,357.43
ORD-101340,2023-03-23,CUST-1071,Customer 498,South,Kerala,Technology,Accessories,USB-C Hub,13620.32,4,0.2,386.67
ORD-101341,2025-06-20,CUST-1306,Customer 344,East,Bihar,Furniture,Chairs,Visitor Chair,38171.9,4,0.1,8033.94
ORD-101342,2025-04-13,CUST-1551,Customer 3,South,Kerala,Technology,Phones,Pixel Edge,60518.25,1,0.0,12824.99
ORD-101343,2024-05-28,CUST-1118,Customer 330,South,Kerala,Technology,Accessories,USB-C Hub,8935.31,2,0.0,658.46
ORD-101344,2025-08-10,CUST-1258,Customer 290,North,Punjab,Technology,Phones,Galaxy Max,23265.93,1,0.05,5099.32
ORD-101345,2024-12-20,CUST-1094,Customer 132,West,Rajasthan,Furniture,Tables,Compact Desk,21650.38,1,0.25,1208.4
ORD-101346,2024-01-07,CUST-1106,Customer 427,East,West Bengal,Office Supplies,Storage,Storage Bin,2005.64,3,0.15,390.45
ORD-101347,2023-08-10,CUST-1390,Customer 292,West,Gujarat,Technology,Accessories,Mechanical Keyboard,2998.37,1,0.0,755.78
ORD-101348,2025-07-03,CUST-1203,Customer 123,East,West Bengal,Technology,Laptops,UltraBook 14,295151.76,3,0.05,48599.0
ORD-101349,2025-07-13,CUST-1246,Customer 270,South,Kerala,Technology,Accessories,Wireless Mouse,9401.24,2,0.1,1471.02
ORD-101350,2023-07-17,CUST-1425,Customer 175,North,Uttar Pradesh,Technology,Laptops,NotePro 16,103553.47,2,0.0,18541.37
ORD-101351,2023-04-06,CUST-1066,Customer 404,East,Odisha,Technology,Accessories,Wireless Mouse,6667.59,2,0.0,1447.07
ORD-101352,2025-08-22,CUST-1425,Customer 600,South,Andhra Pradesh,Technology,Accessories,USB-C Hub,3821.19,3,0.05,328.05
ORD-101353,2024-05-21,CUST-1005,Customer 155,South,Kerala,Furniture,Bookcases,Oak Bookcase,22849.71,2,0.0,6074.63
ORD-101354,2024-08-05,CUST-1230,Customer 602,West,Gujarat,Technology,Accessories,Mechanical Keyboard,5348.24,1,0.1,1370.66
ORD-101355,2025-09-12,CUST-1153,Customer 124,North,Delhi,Technology,Laptops,ProBook 15,35912.2,1,0.0,3298.46
ORD-101356,2023-10-06,CUST-1203,Customer 368,North,Haryana,Office Supplies,Storage,Drawer Organizer,5416.59,3,0.1,673.24
ORD-101357,2025-04-02,CUST-1120,Customer 36,South,Karnataka,Furniture,Chairs,Mesh Chair,30039.09,3,0.05,6778.89
ORD-101358,2024-02-15,CUST-1215,Customer 423,North,Delhi,Technology,Laptops,WorkMate 13,76842.48,1,0.1,17836.93
ORD-101359,2024-08-01,CUST-1061,Customer 508,South,Kerala,Office Supplies,Storage,Drawer Organizer,1441.61,1,0.1,298.65
ORD-101360,2025-11-24,CUST-1597,Customer 192,West,Goa,Furniture,Bookcases,Storage Cabinet,61183.69,4,0.0,5570.65
ORD-101361,2023-09-16,CUST-1389,Customer 292,South,Andhra Pradesh,Technology,Laptops,NotePro 16,91526.91,1,0.1,25580.98
ORD-101362,2025-12-03,CUST-1522,Customer 354,South,Tamil Nadu,Technology,Accessories,Wireless Mouse,2785.26,3,0.1,150.92
ORD-101363,2024-04-18,CUST-1309,Customer 394,South,Andhra Pradesh,Furniture,Bookcases,Steel Shelf,5863.85,1,0.1,1192.78
ORD-101364,2025-07-05,CUST-1102,Customer 149,West,Goa,Technology,Laptops,ProBook 15,190246.17,3,0.15,47842.17
ORD-101365,2025-06-04,CUST-1402,Customer 507,South,Karnataka,Technology,Accessories,Wireless Mouse,1870.64,2,0.0,456.24
ORD-101366,2023-08-22,CUST-1383,Customer 388,South,Karnataka,Technology,Phones,Pixel Edge,84469.89,3,0.0,4850.4
ORD-101367,2025-11-24,CUST-1464,Customer 380,East,Odisha,Furniture,Tables,Compact Desk,33274.01,2,0.2,25.02
ORD-101368,2025-08-23,CUST-1588,Customer 534,East,Jharkhand,Furniture,Chairs,Visitor Chair,6491.39,1,0.0,1052.48
ORD-101369,2024-03-04,CUST-1099,Customer 158,East,West Bengal,Furniture,Bookcases,Steel Shelf,17118.03,1,0.0,1172.29
ORD-101370,2025-02-10,CUST-1313,Customer 168,West,Maharashtra,Technology,Laptops,WorkMate 13,137892.06,2,0.2,2575.6
ORD-101371,2024-07-16,CUST-1571,Customer 359,East,Odisha,Office Supplies,Binders,Presentation Binder,603.93,2,0.0,85.87
ORD-101372,2023-06-17,CUST-1568,Customer 118,West,Rajasthan,Furniture,Chairs,Ergo Chair,38000.28,3,0.0,3326.55
ORD-101373,2023-12-05,CUST-1189,Customer 432,East,West Bengal,Furniture,Tables,Study Table,85942.86,5,0.05,21185.07
ORD-101374,2024-08-21,CUST-1262,Customer 53,South,Tamil Nadu,Technology,Laptops,WorkMate 13,167607.61,2,0.15,16075.55
ORD-101375,2024-11-19,CUST-1453,Customer 394,South,Karnataka,Technology,Laptops,NotePro 16,105126.93,2,0.2,3243.96
ORD-101376,2025-03-28,CUST-1508,Customer 229,South,Kerala,Technology,Phones,Pixel Edge,129142.7,5,0.05,18951.24
ORD-101377,2025-09-28,CUST-1461,Customer 275,West,Goa,Furniture,Tables,Study Table,56409.09,3,0.05,8034.43
ORD-101378,2023-06-25,CUST-1058,Customer 215,West,Gujarat,Furniture,Chairs,Visitor Chair,12726.67,1,0.1,2499.34
ORD-101379,2025-04-24,CUST-1488,Customer 486,North,Punjab,Furniture,Tables,Compact Desk,58458.13,3,0.2,4455.6
ORD-101380,2024-03-06,CUST-1604,Customer 491,West,Goa,Furniture,Tables,Compact Desk,66959.7,3,0.2,3608.08
ORD-101381,2025-07-18,CUST-1536,Customer 103,East,Odisha,Technology,Accessories,Wireless Mouse,3587.16,3,0.0,759.14
ORD-101382,2023-10-29,CUST-1213,Customer 380,West,Maharashtra,Furniture,Tables,Meeting Table,102976.03,5,0.15,23355.33
ORD-101383,2023-10-27,CUST-1512,Customer 620,West,Rajasthan,Furniture,Tables,Compact Desk,10798.36,1,0.15,2349.76
ORD-101384,2023-01-11,CUST-1373,Customer 336,South,Tamil Nadu,Furniture,Chairs,Mesh Chair,27245.29,3,0.1,4930.63
ORD-101385,2025-09-07,CUST-1131,Customer 87,South,Kerala,Technology,Phones,Galaxy Max,25686.21,1,0.05,3807.76
ORD-101386,2023-10-21,CUST-1256,Customer 145,West,Gujarat,Furniture,Chairs,Ergo Chair,27636.93,2,0.0,7409.56
ORD-101387,2025-02-07,CUST-1131,Customer 271,West,Rajasthan,Furniture,Chairs,Ergo Chair,3196.19,1,0.1,672.23
ORD-101388,2023-06-04,CUST-1022,Customer 427,West,Goa,Office Supplies,Paper,Premium Paper,725.39,2,0.05,51.94
ORD-101389,2023-12-13,CUST-1416,Customer 485,South,Kerala,Office Supplies,Binders,Presentation Binder,239.49,1,0.0,37.49
ORD-101390,2023-11-27,CUST-1148,Customer 450,South,Tamil Nadu,Furniture,Chairs,Ergo Chair,11225.4,2,0.2,1116.53
ORD-101391,2024-08-10,CUST-1139,Customer 539,West,Goa,Furniture,Bookcases,Oak Bookcase,40534.97,3,0.15,5589.41
ORD-101392,2023-10-06,CUST-1426,Customer 100,South,Karnataka,Technology,Phones,ProPhone X,146565.07,3,0.0,24628.98
ORD-101393,2024-03-12,CUST-1523,Customer 633,South,Tamil Nadu,Office Supplies,Binders,Ring Binder,210.27,1,0.05,11.73
ORD-101394,2024-12-28,CUST-1255,Customer 159,North,Uttar Pradesh,Office Supplies,Paper,A4 Paper Pack,2042.97,2,0.1,148.84
ORD-101395,2023-12-11,CUST-1570,Customer 112,West,Maharashtra,Office Supplies,Storage,Drawer Organizer,8897.72,5,0.05,2251.4
ORD-101396,2023-03-28,CUST-1163,Customer 593,North,Haryana,Office Supplies,Binders,Presentation Binder,1727.75,4,0.05,221.44
ORD-101397,2025-10-14,CUST-1399,Customer 264,North,Haryana,Technology,Laptops,ProBook 15,172000.11,3,0.0,23692.76
ORD-101398,2025-02-27,CUST-1187,Customer 392,West,Rajasthan,Furniture,Tables,Compact Desk,13589.44,2,0.0,1698.27
ORD-101399,2025-02-01,CUST-1222,Customer 11,North,Haryana,Technology,Laptops,UltraBook 14,35027.83,1,0.1,4414.09
ORD-101400,2025-03-16,CUST-1318,Customer 462,South,Kerala,Technology,Accessories,Mechanical Keyboard,6834.88,2,0.1,869.78
ORD-101401,2024-12-17,CUST-1174,Customer 411,West,Rajasthan,Technology,Accessories,Wireless Mouse,463.01,1,0.1,43.77
ORD-101402,2024-11-28,CUST-1350,Customer 414,West,Maharashtra,Furniture,Chairs,Executive Chair,14749.22,4,0.1,1235.26
ORD-101403,2025-11-05,CUST-1563,Customer 173,North,Punjab,Office Supplies,Storage,Drawer Organizer,1494.84,1,0.15,86.98
ORD-101404,2025-07-15,CUST-1424,Customer 43,North,Haryana,Office Supplies,Binders,Presentation Binder,264.78,1,0.1,30.13
ORD-101405,2025-08-13,CUST-1480,Customer 336,East,Bihar,Office Supplies,Binders,Lever Arch File,213.38,1,0.15,29.01
ORD-101406,2023-05-20,CUST-1609,Customer 369,North,Punjab,Technology,Phones,Galaxy Max,157909.26,4,0.05,44088.72
ORD-101407,2023-07-16,CUST-1481,Customer 402,South,Kerala,Technology,Accessories,USB-C Hub,8790.16,2,0.1,524.44
ORD-101408,2023-09-27,CUST-1551,Customer 511,East,West Bengal,Technology,Accessories,Wireless Mouse,2553.37,4,0.1,173.09
ORD-101409,2023-09-22,CUST-1473,Customer 443,East,West Bengal,Office Supplies,Binders,Presentation Binder,730.64,1,0.1,81.11
ORD-101410,2023-05-10,CUST-1545,Customer 520,North,Punjab,Office Supplies,Paper,A4 Paper Pack,478.13,1,0.15,67.53
ORD-101411,2023-04-25,CUST-1040,Customer 552,North,Haryana,Technology,Laptops,ProBook 15,284986.63,3,0.05,74489.29
ORD-101412,2024-05-11,CUST-1129,Customer 407,South,Karnataka,Office Supplies,Paper,Premium Paper,1218.1,3,0.15,94.27
ORD-101413,2025-05-16,CUST-1367,Customer 621,East,Odisha,Furniture,Chairs,Ergo Chair,26101.29,2,0.05,6022.89
ORD-101414,2025-02-08,CUST-1639,Customer 189,North,Delhi,Office Supplies,Storage,Drawer Organizer,2833.22,2,0.0,327.88
ORD-101415,2024-07-06,CUST-1079,Customer 601,West,Rajasthan,Office Supplies,Paper,A4 Paper Pack,3168.9,4,0.05,564.11
ORD-101416,2023-04-18,CUST-1334,Customer 359,North,Delhi,Office Supplies,Paper,Premium Paper,830.97,3,0.0,155.68
ORD-101417,2025-12-23,CUST-1537,Customer 227,East,Odisha,Office Supplies,Binders,Ring Binder,372.67,1,0.05,84.06
ORD-101418,2025-06-27,CUST-1140,Customer 171,East,West Bengal,Furniture,Tables,Office Desk,19694.41,2,0.1,3321.62
ORD-101419,2023-09-21,CUST-1534,Customer 630,West,Goa,Technology,Laptops,WorkMate 13,92067.38,2,0.2,6114.68
ORD-101420,2025-05-17,CUST-1190,Customer 131,West,Maharashtra,Furniture,Chairs,Ergo Chair,37377.14,3,0.1,6885.8
ORD-101421,2024-03-08,CUST-1566,Customer 436,North,Haryana,Technology,Laptops,ProBook 15,127688.85,4,0.15,8426.59
ORD-101422,2023-08-26,CUST-1216,Customer 451,South,Tamil Nadu,Office Supplies,Paper,Premium Paper,686.91,1,0.15,96.66
ORD-101423,2023-08-28,CUST-1108,Customer 522,West,Goa,Furniture,Chairs,Mesh Chair,15380.43,2,0.1,1442.41
ORD-101424,2025-07-09,CUST-1201,Customer 314,South,Andhra Pradesh,Technology,Accessories,Mechanical Keyboard,8307.14,2,0.05,1918.37
ORD-101425,2024-04-11,CUST-1575,Customer 642,South,Andhra Pradesh,Furniture,Tables,Office Desk,44967.18,3,0.05,8508.83
ORD-101426,2025-01-25,CUST-1486,Customer 289,South,Andhra Pradesh,Technology,Phones,Pixel Edge,52425.27,2,0.05,13366.44
ORD-101427,2023-03-15,CUST-1262,Customer 5,East,Bihar,Technology,Phones,Galaxy Max,53091.31,2,0.1,6924.48
ORD-101428,2023-01-05,CUST-1245,Customer 635,South,Kerala,Technology,Phones,Galaxy Max,113310.34,3,0.2,-821.78
ORD-101429,2025-11-19,CUST-1224,Customer 48,South,Karnataka,Office Supplies,Paper,Premium Paper,2189.25,3,0.1,601.87
ORD-101430,2024-02-25,CUST-1547,Customer 261,North,Punjab,Technology,Accessories,Wireless Mouse,609.4,1,0.05,109.84
ORD-101431,2024-10-10,CUST-1480,Customer 538,East,Odisha,Office Supplies,Paper,A4 Paper Pack,960.88,5,0.05,220.7
ORD-101432,2023-06-09,CUST-1012,Customer 320,North,Delhi,Furniture,Tables,Compact Desk,8412.71,2,0.05,2098.04
ORD-101433,2024-04-24,CUST-1126,Customer 474,West,Goa,Office Supplies,Storage,Storage Bin,3183.12,2,0.05,515.05
ORD-101434,2025-06-26,CUST-1341,Customer 254,South,Tamil Nadu,Office Supplies,Paper,A4 Paper Pack,1177.08,2,0.15,264.87
ORD-101435,2025-05-06,CUST-1004,Customer 467,East,West Bengal,Technology,Phones,Galaxy Max,51757.81,2,0.0,7487.68
ORD-101436,2024-01-09,CUST-1648,Customer 35,South,Kerala,Office Supplies,Storage,Drawer Organizer,3640.87,3,0.0,263.74
ORD-101437,2024-08-18,CUST-1299,Customer 352,North,Haryana,Office Supplies,Paper,Premium Paper,3729.2,5,0.1,344.69
ORD-101438,2023-08-06,CUST-1327,Customer 426,South,Andhra Pradesh,Office Supplies,Storage,Storage Bin,4151.46,3,0.1,326.29
ORD-101439,2023-05-08,CUST-1417,Customer 537,West,Maharashtra,Furniture,Tables,Office Desk,37671.22,4,0.0,4469.69
ORD-101440,2025-04-02,CUST-1455,Customer 332,East,Jharkhand,Technology,Phones,Galaxy Max,126608.19,2,0.0,10734.29
ORD-101441,2024-03-11,CUST-1311,Customer 577,South,Tamil Nadu,Office Supplies,Storage,Drawer Organizer,5022.19,3,0.2,496.89
ORD-101442,2025-06-26,CUST-1340,Customer 198,North,Delhi,Technology,Phones,SmartOne 12,45187.92,1,0.05,4174.27
ORD-101443,2023-06-29,CUST-1036,Customer 326,South,Kerala,Office Supplies,Paper,A4 Paper Pack,1184.85,4,0.1,91.53
ORD-101444,2024-05-22,CUST-1017,Customer 176,South,Karnataka,Office Supplies,Paper,Premium Paper,1533.86,4,0.0,286.97
ORD-101445,2025-04-05,CUST-1525,Customer 326,North,Uttar Pradesh,Technology,Phones,Galaxy Max,19955.02,1,0.25,1776.56
ORD-101446,2024-03-24,CUST-1527,Customer 269,West,Gujarat,Technology,Accessories,Mechanical Keyboard,13740.07,4,0.0,1507.0
ORD-101447,2024-08-10,CUST-1427,Customer 254,South,Andhra Pradesh,Office Supplies,Binders,Ring Binder,1405.36,4,0.15,229.8
ORD-101448,2024-09-28,CUST-1250,Customer 426,West,Maharashtra,Office Supplies,Paper,Premium Paper,1358.09,2,0.1,276.46
ORD-101449,2024-11-29,CUST-1470,Customer 359,North,Uttar Pradesh,Technology,Laptops,NotePro 16,180210.09,2,0.0,27952.94
ORD-101450,2023-08-15,CUST-1406,Customer 86,East,Odisha,Office Supplies,Binders,Presentation Binder,294.29,1,0.1,22.47
ORD-101451,2023-11-24,CUST-1161,Customer 495,South,Andhra Pradesh,Technology,Accessories,USB-C Hub,5275.92,4,0.25,1182.7
ORD-101452,2025-02-10,CUST-1437,Customer 584,North,Haryana,Technology,Laptops,NotePro 16,78529.21,1,0.1,4770.03
ORD-101453,2024-01-07,CUST-1091,Customer 278,South,Kerala,Technology,Phones,Galaxy Max,42973.01,1,0.1,6432.58
ORD-101454,2025-09-05,CUST-1530,Customer 635,West,Rajasthan,Furniture,Chairs,Mesh Chair,15474.21,1,0.1,2659.29
ORD-101455,2023-01-05,CUST-1123,Customer 588,South,Karnataka,Technology,Laptops,UltraBook 14,512917.58,5,0.05,102684.84
ORD-101456,2025-04-20,CUST-1607,Customer 167,West,Goa,Office Supplies,Binders,Lever Arch File,532.27,2,0.1,27.96
ORD-101457,2024-12-22,CUST-1427,Customer 134,South,Karnataka,Furniture,Chairs,Executive Chair,41947.07,3,0.2,8290.81
ORD-101458,2023-12-15,CUST-1318,Customer 114,West,Goa,Technology,Phones,Galaxy Max,31662.08,2,0.15,7248.88
ORD-101459,2025-04-13,CUST-1404,Customer 640,South,Andhra Pradesh,Technology,Phones,SmartOne 12,19049.0,1,0.0,4362.39
ORD-101460,2023-10-07,CUST-1272,Customer 297,East,West Bengal,Office Supplies,Binders,Lever Arch File,310.74,1,0.1,47.78
ORD-101461,2023-05-04,CUST-1194,Customer 63,South,Tamil Nadu,Technology,Laptops,NotePro 16,129533.76,4,0.15,9926.29
ORD-101462,2025-07-18,CUST-1175,Customer 481,North,Uttar Pradesh,Technology,Phones,Pixel Edge,159430.1,4,0.15,34501.23
ORD-101463,2025-05-31,CUST-1262,Customer 60,West,Rajasthan,Office Supplies,Storage,File Box,971.99,2,0.0,142.28
ORD-101464,2025-11-29,CUST-1006,Customer 439,North,Uttar Pradesh,Technology,Phones,SmartOne 12,70228.04,2,0.05,8378.76
ORD-101465,2023-02-09,CUST-1123,Customer 516,East,Bihar,Furniture,Chairs,Mesh Chair,39758.55,3,0.2,1302.29
ORD-101466,2023-08-31,CUST-1626,Customer 551,West,Maharashtra,Furniture,Chairs,Mesh Chair,8268.92,1,0.1,885.33
ORD-101467,2025-08-10,CUST-1019,Customer 90,South,Karnataka,Office Supplies,Storage,File Box,1329.19,3,0.0,346.21
ORD-101468,2023-09-04,CUST-1028,Customer 318,South,Tamil Nadu,Technology,Laptops,UltraBook 14,162912.03,2,0.05,10958.69
ORD-101469,2023-08-05,CUST-1415,Customer 153,North,Punjab,Technology,Laptops,ProBook 15,270839.7,3,0.0,30551.92
ORD-101470,2023-09-25,CUST-1103,Customer 343,South,Tamil Nadu,Technology,Accessories,Webcam HD,9207.56,2,0.05,2557.88
ORD-101471,2024-06-13,CUST-1325,Customer 443,South,Tamil Nadu,Office Supplies,Binders,Ring Binder,653.0,1,0.25,71.39
ORD-101472,2023-11-27,CUST-1171,Customer 259,West,Maharashtra,Technology,Laptops,NotePro 16,186793.07,2,0.0,13848.98
ORD-101473,2025-11-05,CUST-1099,Customer 241,West,Maharashtra,Technology,Laptops,UltraBook 14,31724.61,1,0.2,2766.66
ORD-101474,2023-05-28,CUST-1092,Customer 325,East,Odisha,Furniture,Chairs,Executive Chair,26918.86,3,0.1,1684.4
ORD-101475,2023-03-26,CUST-1439,Customer 424,East,Bihar,Furniture,Chairs,Ergo Chair,4064.65,1,0.15,432.79
ORD-101476,2024-05-03,CUST-1106,Customer 618,East,Bihar,Technology,Phones,SmartOne 12,87142.12,2,0.1,19509.24
ORD-101477,2023-06-12,CUST-1016,Customer 645,South,Kerala,Technology,Phones,Pixel Edge,54898.9,2,0.2,1804.6
ORD-101478,2024-03-15,CUST-1297,Customer 62,North,Delhi,Office Supplies,Storage,Storage Bin,1578.81,2,0.1,233.68
ORD-101479,2024-09-12,CUST-1258,Customer 509,East,Jharkhand,Technology,Accessories,USB-C Hub,4149.9,1,0.0,335.5
ORD-101480,2024-02-09,CUST-1193,Customer 222,South,Karnataka,Technology,Accessories,Webcam HD,4334.51,3,0.1,1064.53
ORD-101481,2024-10-30,CUST-1542,Customer 66,North,Delhi,Furniture,Tables,Study Table,35339.3,4,0.1,3893.8
ORD-101482,2024-10-16,CUST-1068,Customer 372,West,Rajasthan,Furniture,Chairs,Visitor Chair,16935.38,3,0.0,4389.64
ORD-101483,2023-10-16,CUST-1099,Customer 174,South,Tamil Nadu,Office Supplies,Storage,File Box,9803.61,4,0.0,861.89
ORD-101484,2023-11-22,CUST-1037,Customer 40,North,Haryana,Office Supplies,Storage,Storage Bin,1217.18,2,0.05,281.31
ORD-101485,2024-08-03,CUST-1179,Customer 517,West,Goa,Technology,Accessories,Mechanical Keyboard,17732.94,5,0.2,550.84
ORD-101486,2024-04-07,CUST-1036,Customer 41,South,Karnataka,Office Supplies,Storage,Drawer Organizer,2105.49,1,0.05,265.61
ORD-101487,2025-06-27,CUST-1217,Customer 180,West,Maharashtra,Furniture,Bookcases,Storage Cabinet,29047.65,2,0.25,2099.05
ORD-101488,2025-11-24,CUST-1516,Customer 28,East,West Bengal,Furniture,Tables,Compact Desk,35887.8,2,0.15,6071.59
ORD-101489,2025-05-22,CUST-1361,Customer 405,East,Bihar,Technology,Laptops,WorkMate 13,183914.21,2,0.05,23720.39
ORD-101490,2023-09-02,CUST-1600,Customer 258,East,West Bengal,Furniture,Chairs,Ergo Chair,2409.17,1,0.1,657.43
ORD-101491,2024-11-04,CUST-1291,Customer 6,South,Andhra Pradesh,Furniture,Bookcases,Oak Bookcase,14160.54,3,0.2,-153.53
ORD-101492,2025-05-11,CUST-1373,Customer 199,East,Odisha,Furniture,Tables,Compact Desk,99888.96,5,0.0,21462.03
ORD-101493,2025-07-25,CUST-1029,Customer 5,West,Rajasthan,Technology,Laptops,ProBook 15,456880.33,5,0.0,45438.24
ORD-101494,2023-05-24,CUST-1098,Customer 517,South,Karnataka,Technology,Accessories,Wireless Mouse,3752.52,3,0.05,386.13
ORD-101495,2024-05-17,CUST-1506,Customer 217,East,Jharkhand,Technology,Accessories,Webcam HD,4077.04,3,0.05,561.86
ORD-101496,2024-10-28,CUST-1127,Customer 269,North,Haryana,Furniture,Bookcases,Storage Cabinet,12396.12,1,0.1,3276.84
ORD-101497,2025-10-12,CUST-1374,Customer 136,West,Rajasthan,Furniture,Chairs,Mesh Chair,40998.29,3,0.15,10776.3
ORD-101498,2024-06-21,CUST-1136,Customer 97,North,Punjab,Office Supplies,Binders,Presentation Binder,356.93,2,0.1,32.39
ORD-101499,2023-07-04,CUST-1581,Customer 3,North,Punjab,Technology,Accessories,Webcam HD,5057.04,2,0.05,619.85
ORD-101500,2023-07-28,CUST-1062,Customer 40,East,West Bengal,Technology,Phones,Pixel Edge,68613.5,2,0.0,7269.66
ORD-101501,2024-07-25,CUST-1618,Customer 614,West,Gujarat,Technology,Phones,Galaxy Max,17760.04,1,0.15,2785.95
ORD-101502,2025-12-09,CUST-1598,Customer 165,North,Haryana,Furniture,Chairs,Executive Chair,8749.65,2,0.1,1728.24
ORD-101503,2023-09-18,CUST-1566,Customer 299,East,West Bengal,Furniture,Chairs,Ergo Chair,39897.83,3,0.15,11101.61
ORD-101504,2024-11-05,CUST-1058,Customer 526,East,Jharkhand,Office Supplies,Paper,Color Paper,1724.39,2,0.1,416.78
ORD-101505,2024-11-26,CUST-1552,Customer 360,South,Karnataka,Office Supplies,Binders,Ring Binder,1120.32,2,0.1,239.76
ORD-101506,2023-07-04,CUST-1510,Customer 61,West,Maharashtra,Furniture,Bookcases,Storage Cabinet,23728.54,2,0.1,6046.81
ORD-101507,2024-04-11,CUST-1612,Customer 179,South,Tamil Nadu,Office Supplies,Storage,Drawer Organizer,1173.21,1,0.1,198.86
ORD-101508,2024-12-26,CUST-1590,Customer 257,South,Karnataka,Furniture,Tables,Office Desk,24966.01,2,0.05,6710.13
ORD-101509,2024-02-09,CUST-1150,Customer 260,East,Jharkhand,Office Supplies,Binders,Presentation Binder,460.22,2,0.15,85.92
ORD-101510,2025-07-09,CUST-1193,Customer 409,West,Rajasthan,Technology,Accessories,Mechanical Keyboard,4856.51,3,0.1,409.61
ORD-101511,2024-11-29,CUST-1411,Customer 113,South,Kerala,Technology,Accessories,Mechanical Keyboard,689.31,1,0.1,96.57
ORD-101512,2023-05-06,CUST-1300,Customer 201,East,West Bengal,Office Supplies,Paper,Premium Paper,399.79,2,0.1,23.3
ORD-101513,2025-02-09,CUST-1490,Customer 327,East,Odisha,Technology,Accessories,USB-C Hub,9014.79,3,0.1,2455.36
ORD-101514,2025-12-28,CUST-1513,Customer 441,West,Goa,Office Supplies,Paper,A4 Paper Pack,3975.4,4,0.05,285.87
ORD-101515,2023-01-10,CUST-1228,Customer 480,South,Kerala,Technology,Laptops,UltraBook 14,67045.24,1,0.0,16306.5
ORD-101516,2024-07-08,CUST-1000,Customer 398,West,Goa,Technology,Accessories,Wireless Mouse,7579.56,2,0.0,1634.47
ORD-101517,2023-08-17,CUST-1391,Customer 175,West,Gujarat,Office Supplies,Paper,Color Paper,2629.57,4,0.05,426.18
ORD-101518,2025-09-27,CUST-1122,Customer 541,South,Kerala,Furniture,Chairs,Ergo Chair,28546.47,2,0.1,4398.29
ORD-101519,2023-05-17,CUST-1131,Customer 234,South,Andhra Pradesh,Technology,Laptops,WorkMate 13,76764.33,2,0.15,19906.65
ORD-101520,2024-07-29,CUST-1058,Customer 211,South,Karnataka,Office Supplies,Storage,Drawer Organizer,897.48,1,0.0,206.01
ORD-101521,2024-01-21,CUST-1226,Customer 453,East,Jharkhand,Furniture,Chairs,Mesh Chair,32147.09,2,0.1,8261.02
ORD-101522,2025-08-29,CUST-1303,Customer 224,North,Haryana,Office Supplies,Storage,Drawer Organizer,3919.37,2,0.0,546.2
ORD-101523,2025-01-26,CUST-1576,Customer 268,South,Karnataka,Technology,Laptops,UltraBook 14,105429.58,3,0.1,27981.52
ORD-101524,2025-01-09,CUST-1490,Customer 44,South,Andhra Pradesh,Technology,Laptops,ProBook 15,34146.34,1,0.2,7589.0
ORD-101525,2025-04-07,CUST-1007,Customer 335,East,Bihar,Office Supplies,Paper,Premium Paper,2152.56,2,0.1,438.04
ORD-101526,2024-10-06,CUST-1367,Customer 496,South,Kerala,Office Supplies,Paper,A4 Paper Pack,2816.39,4,0.1,450.04
ORD-101527,2025-01-29,CUST-1336,Customer 135,South,Karnataka,Technology,Accessories,USB-C Hub,8106.77,4,0.15,1722.35
ORD-101528,2023-01-26,CUST-1627,Customer 586,North,Punjab,Office Supplies,Storage,Storage Bin,10312.19,5,0.1,2385.01
ORD-101529,2023-09-07,CUST-1386,Customer 134,West,Goa,Furniture,Bookcases,Storage Cabinet,10886.68,2,0.15,2872.6
ORD-101530,2025-11-16,CUST-1534,Customer 533,West,Gujarat,Office Supplies,Binders,Lever Arch File,544.06,2,0.15,127.41
ORD-101531,2023-07-06,CUST-1203,Customer 591,South,Karnataka,Furniture,Chairs,Visitor Chair,48812.63,3,0.05,13351.04
ORD-101532,2025-02-07,CUST-1530,Customer 545,East,West Bengal,Office Supplies,Paper,A4 Paper Pack,1229.15,5,0.05,343.71
ORD-101533,2024-09-03,CUST-1505,Customer 296,North,Delhi,Technology,Accessories,Wireless Mouse,3505.23,2,0.05,396.84
ORD-101534,2025-02-18,CUST-1268,Customer 568,South,Karnataka,Furniture,Tables,Compact Desk,14303.95,3,0.05,3454.64
ORD-101535,2025-09-07,CUST-1372,Customer 271,West,Goa,Furniture,Bookcases,Oak Bookcase,35995.27,2,0.15,8392.08
ORD-101536,2025-06-18,CUST-1214,Customer 363,South,Kerala,Technology,Phones,SmartOne 12,146610.13,3,0.05,20123.85
ORD-101537,2025-03-12,CUST-1574,Customer 311,South,Karnataka,Office Supplies,Binders,Lever Arch File,1903.43,3,0.05,199.68
ORD-101538,2023-12-01,CUST-1486,Customer 471,East,Bihar,Office Supplies,Storage,Storage Bin,5753.96,4,0.05,1383.61
ORD-101539,2025-12-24,CUST-1246,Customer 544,West,Goa,Technology,Accessories,Wireless Mouse,2734.75,4,0.1,327.63
ORD-101540,2023-03-03,CUST-1250,Customer 100,West,Rajasthan,Technology,Accessories,Wireless Mouse,2235.06,2,0.05,166.17
ORD-101541,2024-04-23,CUST-1300,Customer 468,North,Punjab,Technology,Accessories,USB-C Hub,6990.87,2,0.25,935.97
ORD-101542,2024-05-20,CUST-1249,Customer 377,East,Jharkhand,Furniture,Tables,Compact Desk,25147.53,2,0.05,3735.96
ORD-101543,2024-02-17,CUST-1224,Customer 324,South,Karnataka,Technology,Phones,Galaxy Max,52365.68,3,0.05,3634.04
ORD-101544,2025-10-20,CUST-1027,Customer 170,North,Punjab,Furniture,Tables,Meeting Table,41696.98,3,0.0,9694.34
ORD-101545,2023-09-22,CUST-1333,Customer 145,West,Rajasthan,Technology,Laptops,ProBook 15,299178.58,4,0.25,17240.61
ORD-101546,2024-04-26,CUST-1340,Customer 559,South,Tamil Nadu,Office Supplies,Storage,File Box,2374.18,2,0.0,153.12
ORD-101547,2024-06-05,CUST-1320,Customer 612,North,Uttar Pradesh,Technology,Accessories,Webcam HD,3331.91,1,0.05,657.74
ORD-101548,2023-11-15,CUST-1421,Customer 313,South,Tamil Nadu,Office Supplies,Binders,Lever Arch File,2356.86,4,0.25,277.5
ORD-101549,2025-05-18,CUST-1262,Customer 370,East,Odisha,Technology,Accessories,Webcam HD,8078.89,2,0.0,1876.39
ORD-101550,2024-12-11,CUST-1596,Customer 34,West,Maharashtra,Office Supplies,Binders,Presentation Binder,1381.1,3,0.05,358.0
ORD-101551,2025-07-22,CUST-1345,Customer 457,South,Andhra Pradesh,Office Supplies,Storage,Storage Bin,3350.81,3,0.2,411.23
ORD-101552,2025-04-07,CUST-1556,Customer 401,North,Haryana,Furniture,Tables,Study Table,43822.34,2,0.15,4863.38
ORD-101553,2024-08-24,CUST-1486,Customer 545,East,Jharkhand,Furniture,Chairs,Visitor Chair,10136.33,3,0.1,1642.88
ORD-101554,2023-06-20,CUST-1202,Customer 39,East,Jharkhand,Office Supplies,Paper,Premium Paper,1688.36,2,0.1,408.96
ORD-101555,2025-09-13,CUST-1138,Customer 389,West,Gujarat,Office Supplies,Storage,Drawer Organizer,2971.55,3,0.0,788.51
ORD-101556,2025-03-08,CUST-1072,Customer 32,East,Bihar,Office Supplies,Storage,Drawer Organizer,7866.39,4,0.0,2140.42
ORD-101557,2023-04-05,CUST-1073,Customer 431,North,Delhi,Furniture,Bookcases,Storage Cabinet,8967.68,1,0.05,2258.64
ORD-101558,2023-12-15,CUST-1486,Customer 212,West,Goa,Furniture,Chairs,Mesh Chair,27185.35,4,0.25,6876.33
ORD-101559,2023-08-28,CUST-1352,Customer 615,West,Maharashtra,Office Supplies,Binders,Lever Arch File,893.49,3,0.0,136.28
ORD-101560,2023-03-04,CUST-1205,Customer 397,East,Odisha,Technology,Laptops,ProBook 15,44849.32,1,0.15,5634.55
ORD-101561,2024-05-07,CUST-1028,Customer 591,East,West Bengal,Technology,Laptops,UltraBook 14,264380.55,3,0.0,14140.43
ORD-101562,2024-03-29,CUST-1470,Customer 51,West,Goa,Furniture,Chairs,Mesh Chair,43114.19,4,0.1,4163.81
ORD-101563,2025-07-14,CUST-1363,Customer 574,East,Jharkhand,Office Supplies,Binders,Ring Binder,2255.87,3,0.1,528.53
ORD-101564,2025-01-24,CUST-1123,Customer 118,West,Maharashtra,Office Supplies,Binders,Presentation Binder,423.96,1,0.1,65.14
ORD-101565,2023-06-21,CUST-1271,Customer 575,West,Maharashtra,Furniture,Bookcases,Storage Cabinet,19556.76,2,0.0,2652.72
ORD-101566,2024-04-11,CUST-1078,Customer 365,South,Karnataka,Office Supplies,Binders,Lever Arch File,1694.53,4,0.0,121.65
ORD-101567,2023-11-01,CUST-1522,Customer 276,West,Goa,Furniture,Tables,Study Table,39391.39,4,0.1,10918.15
ORD-101568,2025-06-05,CUST-1645,Customer 404,South,Kerala,Technology,Phones,ProPhone X,32913.95,2,0.25,4228.39
ORD-101569,2025-08-04,CUST-1212,Customer 117,East,West Bengal,Furniture,Tables,Compact Desk,36960.57,2,0.1,4519.16
ORD-101570,2024-11-09,CUST-1267,Customer 279,West,Goa,Technology,Phones,ProPhone X,21008.64,1,0.0,1646.04
ORD-101571,2024-10-19,CUST-1594,Customer 253,West,Goa,Furniture,Tables,Office Desk,25279.39,2,0.1,3251.77
ORD-101572,2025-08-03,CUST-1053,Customer 607,North,Punjab,Office Supplies,Storage,File Box,1326.7,1,0.15,95.07
ORD-101573,2023-05-19,CUST-1244,Customer 372,West,Rajasthan,Office Supplies,Paper,A4 Paper Pack,700.38,2,0.0,190.92
ORD-101574,2025-10-02,CUST-1412,Customer 80,South,Kerala,Office Supplies,Storage,File Box,5458.08,4,0.2,290.55
ORD-101575,2024-11-05,CUST-1490,Customer 460,North,Haryana,Technology,Laptops,UltraBook 14,275545.06,4,0.1,40593.51
ORD-101576,2024-08-09,CUST-1439,Customer 274,North,Uttar Pradesh,Furniture,Chairs,Visitor Chair,6275.73,2,0.05,1296.11
ORD-101577,2023-08-29,CUST-1170,Customer 82,South,Kerala,Office Supplies,Storage,Storage Bin,2180.82,3,0.0,467.25
ORD-101578,2025-10-15,CUST-1152,Customer 454,South,Andhra Pradesh,Office Supplies,Storage,File Box,6426.68,4,0.05,881.1
ORD-101579,2025-04-25,CUST-1420,Customer 269,South,Tamil Nadu,Technology,Phones,Pixel Edge,52484.03,1,0.1,11570.28
ORD-101580,2024-03-20,CUST-1311,Customer 82,North,Delhi,Furniture,Bookcases,Corner Shelf,58411.07,5,0.0,4380.16
ORD-101581,2025-01-25,CUST-1487,Customer 454,South,Karnataka,Technology,Accessories,USB-C Hub,1790.3,3,0.2,356.5
ORD-101582,2024-12-07,CUST-1432,Customer 458,South,Andhra Pradesh,Technology,Accessories,Webcam HD,3879.54,1,0.0,494.48
ORD-101583,2025-05-20,CUST-1353,Customer 142,East,West Bengal,Office Supplies,Binders,Presentation Binder,2314.65,4,0.0,514.36
ORD-101584,2024-02-06,CUST-1030,Customer 499,South,Tamil Nadu,Furniture,Chairs,Executive Chair,34250.13,3,0.1,3700.15
ORD-101585,2023-11-26,CUST-1281,Customer 21,East,Odisha,Technology,Phones,Galaxy Max,71950.4,4,0.05,5941.23
ORD-101586,2025-07-08,CUST-1137,Customer 555,South,Tamil Nadu,Furniture,Bookcases,Steel Shelf,16254.8,1,0.1,3335.26
ORD-101587,2023-07-04,CUST-1026,Customer 459,South,Tamil Nadu,Furniture,Tables,Meeting Table,18314.07,3,0.05,4141.02
ORD-101588,2024-12-03,CUST-1156,Customer 68,West,Maharashtra,Technology,Accessories,Mechanical Keyboard,14728.9,5,0.05,3819.77
ORD-101589,2024-11-12,CUST-1553,Customer 601,West,Maharashtra,Office Supplies,Binders,Ring Binder,510.9,3,0.15,99.31
ORD-101590,2024-11-25,CUST-1414,Customer 58,West,Maharashtra,Furniture,Bookcases,Corner Shelf,26683.53,2,0.1,1594.44
ORD-101591,2023-08-01,CUST-1185,Customer 142,East,Jharkhand,Technology,Phones,Galaxy Max,106885.41,3,0.25,20779.97
ORD-101592,2024-09-30,CUST-1378,Customer 620,North,Delhi,Technology,Phones,Galaxy Max,37464.13,1,0.2,2009.28
ORD-101593,2024-10-20,CUST-1336,Customer 25,West,Goa,Office Supplies,Storage,Storage Bin,6075.75,4,0.0,1006.02
ORD-101594,2023-02-28,CUST-1481,Customer 21,North,Punjab,Technology,Phones,Galaxy Max,79645.0,2,0.15,16324.97
ORD-101595,2024-07-20,CUST-1019,Customer 433,West,Gujarat,Technology,Phones,Galaxy Max,164355.16,4,0.25,27296.32
ORD-101596,2025-12-09,CUST-1091,Customer 146,North,Delhi,Office Supplies,Paper,A4 Paper Pack,816.08,2,0.05,131.81
ORD-101597,2023-10-31,CUST-1301,Customer 513,East,Jharkhand,Technology,Phones,Pixel Edge,114365.91,3,0.05,22990.19
ORD-101598,2024-12-07,CUST-1168,Customer 89,South,Karnataka,Technology,Accessories,Mechanical Keyboard,9442.42,2,0.2,1445.83
ORD-101599,2024-07-27,CUST-1128,Customer 603,East,Bihar,Technology,Phones,Galaxy Max,150104.7,3,0.15,26813.69
ORD-101600,2024-08-05,CUST-1636,Customer 188,West,Rajasthan,Technology,Accessories,Mechanical Keyboard,1269.14,3,0.25,107.49
ORD-101601,2025-02-19,CUST-1039,Customer 639,West,Gujarat,Technology,Phones,Galaxy Max,93420.13,2,0.0,15900.14
ORD-101602,2025-04-14,CUST-1527,Customer 30,West,Goa,Technology,Accessories,USB-C Hub,5221.61,2,0.15,516.16
ORD-101603,2024-12-08,CUST-1560,Customer 418,West,Rajasthan,Technology,Accessories,USB-C Hub,6060.85,3,0.1,1531.08
ORD-101604,2023-06-08,CUST-1642,Customer 424,East,Odisha,Office Supplies,Binders,Ring Binder,2954.17,4,0.05,754.73
ORD-101605,2024-11-01,CUST-1171,Customer 228,East,Bihar,Furniture,Chairs,Visitor Chair,17898.96,1,0.0,2262.68
ORD-101606,2025-05-16,CUST-1614,Customer 538,South,Kerala,Furniture,Tables,Study Table,33099.74,2,0.0,2075.12
ORD-101607,2023-08-02,CUST-1564,Customer 375,North,Delhi,Furniture,Chairs,Mesh Chair,31075.38,2,0.1,2185.4
ORD-101608,2025-08-05,CUST-1544,Customer 147,East,Jharkhand,Furniture,Chairs,Mesh Chair,32805.79,3,0.2,2145.17
ORD-101609,2025-10-01,CUST-1193,Customer 456,East,West Bengal,Office Supplies,Storage,Drawer Organizer,636.68,1,0.15,145.92
ORD-101610,2024-08-19,CUST-1394,Customer 130,North,Haryana,Furniture,Bookcases,Oak Bookcase,64747.88,5,0.1,3487.03
ORD-101611,2024-08-04,CUST-1459,Customer 121,North,Uttar Pradesh,Technology,Phones,SmartOne 12,138833.27,3,0.0,36222.23
ORD-101612,2025-03-23,CUST-1156,Customer 470,East,Bihar,Furniture,Chairs,Visitor Chair,15302.92,1,0.05,1558.76
ORD-101613,2024-08-06,CUST-1618,Customer 90,East,West Bengal,Office Supplies,Paper,Color Paper,553.57,1,0.2,104.24
ORD-101614,2025-03-28,CUST-1094,Customer 330,West,Maharashtra,Technology,Accessories,Wireless Mouse,9173.02,2,0.05,1759.94
ORD-101615,2025-06-15,CUST-1394,Customer 125,West,Gujarat,Office Supplies,Binders,Presentation Binder,1562.4,2,0.1,399.81
ORD-101616,2025-10-13,CUST-1038,Customer 275,South,Kerala,Office Supplies,Binders,Lever Arch File,2323.6,3,0.05,133.75
ORD-101617,2023-09-05,CUST-1476,Customer 125,South,Andhra Pradesh,Furniture,Tables,Meeting Table,5083.95,1,0.15,831.0
ORD-101618,2024-05-14,CUST-1234,Customer 162,South,Kerala,Office Supplies,Paper,Premium Paper,242.93,1,0.15,54.97
ORD-101619,2024-11-13,CUST-1307,Customer 562,West,Goa,Furniture,Chairs,Visitor Chair,7205.52,2,0.15,1048.96
ORD-101620,2025-04-17,CUST-1513,Customer 315,West,Maharashtra,Furniture,Tables,Office Desk,62256.7,3,0.2,5374.76
ORD-101621,2023-03-05,CUST-1216,Customer 476,North,Delhi,Furniture,Bookcases,Steel Shelf,13627.01,3,0.05,2582.53
ORD-101622,2023-01-08,CUST-1126,Customer 64,South,Karnataka,Furniture,Chairs,Executive Chair,60802.29,4,0.05,3209.46
ORD-101623,2024-07-25,CUST-1245,Customer 591,South,Kerala,Office Supplies,Storage,File Box,3168.32,2,0.0,435.36
ORD-101624,2023-04-18,CUST-1059,Customer 152,South,Karnataka,Office Supplies,Storage,File Box,1974.08,2,0.2,212.41
ORD-101625,2023-12-26,CUST-1571,Customer 218,West,Rajasthan,Furniture,Tables,Meeting Table,11393.52,2,0.0,1656.46
ORD-101626,2023-08-18,CUST-1049,Customer 484,East,Bihar,Technology,Phones,Pixel Edge,46493.28,2,0.05,8714.79
ORD-101627,2024-11-01,CUST-1403,Customer 155,East,Jharkhand,Office Supplies,Paper,Premium Paper,884.43,2,0.0,140.79
ORD-101628,2023-06-16,CUST-1156,Customer 194,East,West Bengal,Technology,Phones,Galaxy Max,16328.59,1,0.1,2853.35
ORD-101629,2024-09-23,CUST-1121,Customer 65,East,Bihar,Office Supplies,Storage,Storage Bin,3962.54,2,0.15,644.29
ORD-101630,2023-04-04,CUST-1176,Customer 534,West,Gujarat,Office Supplies,Paper,Premium Paper,756.09,1,0.15,135.52
ORD-101631,2024-01-27,CUST-1131,Customer 40,West,Rajasthan,Office Supplies,Binders,Lever Arch File,392.43,1,0.15,98.55
ORD-101632,2025-06-30,CUST-1491,Customer 419,North,Uttar Pradesh,Furniture,Chairs,Mesh Chair,16577.53,2,0.0,2155.92
ORD-101633,2024-12-05,CUST-1387,Customer 21,East,Odisha,Furniture,Chairs,Visitor Chair,11411.66,1,0.05,1627.99
ORD-101634,2025-06-15,CUST-1016,Customer 156,North,Haryana,Technology,Accessories,Mechanical Keyboard,8528.11,2,0.1,1178.22
ORD-101635,2025-06-06,CUST-1425,Customer 540,North,Delhi,Furniture,Bookcases,Storage Cabinet,17154.65,2,0.05,1644.59
ORD-101636,2024-07-26,CUST-1113,Customer 596,North,Haryana,Technology,Accessories,Wireless Mouse,1413.75,1,0.15,254.7
ORD-101637,2024-04-28,CUST-1117,Customer 493,East,Jharkhand,Office Supplies,Paper,A4 Paper Pack,911.24,1,0.1,135.67
ORD-101638,2025-03-07,CUST-1437,Customer 185,East,West Bengal,Technology,Laptops,NotePro 16,118129.46,2,0.0,29730.0
ORD-101639,2025-12-06,CUST-1470,Customer 520,South,Karnataka,Technology,Phones,Galaxy Max,92360.58,2,0.15,12102.28
ORD-101640,2024-04-18,CUST-1481,Customer 368,West,Maharashtra,Office Supplies,Storage,Drawer Organizer,7797.22,4,0.0,1039.05
ORD-101641,2025-03-02,CUST-1463,Customer 560,West,Gujarat,Technology,Laptops,ProBook 15,358583.42,4,0.1,85994.77
ORD-101642,2025-09-24,CUST-1025,Customer 569,South,Andhra Pradesh,Office Supplies,Binders,Lever Arch File,410.12,1,0.0,93.17
ORD-101643,2025-07-28,CUST-1365,Customer 321,East,Jharkhand,Technology,Phones,Galaxy Max,64394.44,2,0.0,15167.62
ORD-101644,2024-04-18,CUST-1136,Customer 512,North,Uttar Pradesh,Office Supplies,Paper,Premium Paper,1009.11,2,0.0,239.54
ORD-101645,2025-08-05,CUST-1617,Customer 492,South,Andhra Pradesh,Technology,Accessories,Mechanical Keyboard,4942.73,1,0.05,1271.77
ORD-101646,2023-10-06,CUST-1552,Customer 308,East,Jharkhand,Office Supplies,Storage,Drawer Organizer,2867.7,2,0.1,727.17
ORD-101647,2023-01-10,CUST-1519,Customer 265,North,Uttar Pradesh,Office Supplies,Paper,A4 Paper Pack,2366.63,4,0.0,553.89
ORD-101648,2024-09-30,CUST-1621,Customer 637,West,Maharashtra,Furniture,Chairs,Ergo Chair,30993.24,4,0.0,6249.79
ORD-101649,2024-09-10,CUST-1595,Customer 74,West,Maharashtra,Furniture,Bookcases,Corner Shelf,58694.65,4,0.2,9713.59
ORD-101650,2023-07-13,CUST-1304,Customer 33,South,Kerala,Furniture,Bookcases,Storage Cabinet,33879.79,2,0.1,8022.76
ORD-101651,2023-07-10,CUST-1440,Customer 466,South,Kerala,Office Supplies,Paper,Color Paper,2228.93,3,0.1,400.28
ORD-101652,2024-08-22,CUST-1543,Customer 96,East,Bihar,Technology,Phones,Galaxy Max,56000.03,2,0.15,13473.46
ORD-101653,2023-12-18,CUST-1108,Customer 623,West,Maharashtra,Furniture,Chairs,Executive Chair,44486.55,3,0.0,8093.18
ORD-101654,2023-08-29,CUST-1446,Customer 279,East,Jharkhand,Office Supplies,Binders,Ring Binder,2017.35,3,0.05,112.22
ORD-101655,2024-05-23,CUST-1397,Customer 594,East,Odisha,Technology,Laptops,NotePro 16,250151.65,4,0.0,69486.42
ORD-101656,2025-10-09,CUST-1141,Customer 95,North,Uttar Pradesh,Technology,Laptops,WorkMate 13,105394.81,2,0.05,19058.37
ORD-101657,2025-07-10,CUST-1451,Customer 39,West,Rajasthan,Furniture,Tables,Meeting Table,14940.84,1,0.0,3448.49
ORD-101658,2024-09-10,CUST-1405,Customer 365,West,Rajasthan,Furniture,Tables,Office Desk,22455.85,1,0.05,3252.09
ORD-101659,2024-01-31,CUST-1366,Customer 23,West,Rajasthan,Furniture,Chairs,Executive Chair,13051.97,1,0.25,585.24
ORD-101660,2024-10-19,CUST-1126,Customer 96,West,Maharashtra,Technology,Accessories,USB-C Hub,6970.06,3,0.05,1356.82
ORD-101661,2024-02-06,CUST-1306,Customer 71,North,Uttar Pradesh,Office Supplies,Paper,A4 Paper Pack,788.21,2,0.0,157.33
ORD-101662,2024-02-23,CUST-1325,Customer 28,East,Odisha,Furniture,Tables,Study Table,108902.92,4,0.0,12174.48
ORD-101663,2025-05-29,CUST-1270,Customer 26,East,West Bengal,Furniture,Chairs,Ergo Chair,47673.94,3,0.1,7468.73
ORD-101664,2023-03-18,CUST-1538,Customer 489,West,Rajasthan,Technology,Phones,ProPhone X,61237.5,2,0.05,11416.77
ORD-101665,2024-10-08,CUST-1172,Customer 142,West,Maharashtra,Technology,Phones,SmartOne 12,44986.26,1,0.05,10325.49
ORD-101666,2023-12-10,CUST-1022,Customer 439,East,Odisha,Office Supplies,Binders,Lever Arch File,839.96,3,0.15,162.0
ORD-101667,2025-04-27,CUST-1440,Customer 443,South,Karnataka,Furniture,Tables,Meeting Table,7913.58,1,0.1,1573.01
ORD-101668,2023-12-10,CUST-1477,Customer 575,South,Karnataka,Technology,Laptops,WorkMate 13,278588.25,3,0.0,55899.58
ORD-101669,2025-09-27,CUST-1419,Customer 393,South,Karnataka,Technology,Laptops,UltraBook 14,242869.56,3,0.1,28026.09
ORD-101670,2025-09-04,CUST-1469,Customer 79,West,Maharashtra,Office Supplies,Paper,Premium Paper,2100.82,5,0.15,386.04
ORD-101671,2023-09-21,CUST-1180,Customer 129,West,Goa,Office Supplies,Paper,Color Paper,911.37,1,0.0,84.6
ORD-101672,2024-06-17,CUST-1227,Customer 72,North,Punjab,Office Supplies,Paper,A4 Paper Pack,218.9,1,0.0,29.32
ORD-101673,2025-04-02,CUST-1179,Customer 120,North,Delhi,Technology,Phones,SmartOne 12,40090.67,1,0.15,10137.24
ORD-101674,2025-06-05,CUST-1312,Customer 609,West,Rajasthan,Office Supplies,Storage,Storage Bin,1674.39,1,0.2,115.4
ORD-101675,2025-03-04,CUST-1442,Customer 123,North,Uttar Pradesh,Technology,Accessories,Webcam HD,2818.19,1,0.15,724.52
ORD-101676,2025-12-10,CUST-1154,Customer 145,North,Uttar Pradesh,Technology,Phones,ProPhone X,56055.23,1,0.0,5984.09
ORD-101677,2024-11-30,CUST-1265,Customer 479,East,Bihar,Office Supplies,Binders,Lever Arch File,719.86,1,0.1,96.34
ORD-101678,2023-03-08,CUST-1301,Customer 213,South,Andhra Pradesh,Office Supplies,Binders,Ring Binder,1387.51,2,0.0,263.34
ORD-101679,2023-10-29,CUST-1306,Customer 444,North,Uttar Pradesh,Technology,Accessories,Webcam HD,1764.98,1,0.1,430.4
ORD-101680,2023-01-17,CUST-1037,Customer 136,North,Punjab,Technology,Laptops,NotePro 16,204945.37,2,0.0,37274.97
ORD-101681,2024-07-20,CUST-1456,Customer 183,West,Goa,Technology,Laptops,NotePro 16,301054.11,5,0.1,46982.25
ORD-101682,2025-03-17,CUST-1640,Customer 436,North,Haryana,Office Supplies,Binders,Ring Binder,146.27,1,0.05,17.67
ORD-101683,2025-01-03,CUST-1454,Customer 369,South,Andhra Pradesh,Furniture,Bookcases,Storage Cabinet,68341.82,4,0.15,16118.76
ORD-101684,2023-03-01,CUST-1642,Customer 620,South,Kerala,Office Supplies,Paper,Premium Paper,4459.64,5,0.05,561.5
ORD-101685,2023-10-28,CUST-1002,Customer 146,North,Delhi,Office Supplies,Binders,Presentation Binder,618.35,1,0.2,12.07
ORD-101686,2024-05-29,CUST-1057,Customer 535,North,Haryana,Technology,Laptops,WorkMate 13,61269.65,1,0.2,1463.55
ORD-101687,2023-11-17,CUST-1496,Customer 582,South,Andhra Pradesh,Technology,Accessories,USB-C Hub,8557.18,2,0.0,1524.78
ORD-101688,2023-06-10,CUST-1318,Customer 158,South,Kerala,Technology,Phones,SmartOne 12,235539.28,5,0.15,52301.51
ORD-101689,2023-12-29,CUST-1144,Customer 10,North,Uttar Pradesh,Office Supplies,Binders,Ring Binder,270.04,1,0.1,47.22
ORD-101690,2025-03-02,CUST-1640,Customer 605,South,Andhra Pradesh,Office Supplies,Binders,Lever Arch File,631.91,1,0.15,128.01
ORD-101691,2024-01-19,CUST-1081,Customer 456,West,Rajasthan,Technology,Phones,SmartOne 12,70399.68,2,0.25,3202.12
ORD-101692,2024-07-19,CUST-1087,Customer 577,South,Karnataka,Technology,Accessories,Mechanical Keyboard,3137.84,2,0.2,210.39
ORD-101693,2025-05-01,CUST-1123,Customer 365,North,Haryana,Office Supplies,Paper,Color Paper,1272.11,2,0.05,260.75
ORD-101694,2023-03-05,CUST-1414,Customer 145,West,Maharashtra,Office Supplies,Paper,A4 Paper Pack,1311.33,4,0.0,119.91
ORD-101695,2024-07-28,CUST-1421,Customer 196,South,Kerala,Office Supplies,Binders,Ring Binder,1425.97,2,0.05,107.53
ORD-101696,2023-05-19,CUST-1231,Customer 229,North,Punjab,Furniture,Chairs,Visitor Chair,3683.59,1,0.15,699.34
ORD-101697,2025-09-08,CUST-1095,Customer 198,West,Gujarat,Technology,Accessories,Wireless Mouse,7980.57,2,0.05,1716.89
ORD-101698,2025-11-14,CUST-1363,Customer 448,South,Kerala,Furniture,Chairs,Executive Chair,7851.64,2,0.25,1235.98
ORD-101699,2024-10-21,CUST-1162,Customer 372,North,Haryana,Technology,Phones,Pixel Edge,121877.48,5,0.05,13624.35
ORD-101700,2023-04-07,CUST-1480,Customer 438,East,Odisha,Office Supplies,Paper,Premium Paper,883.37,3,0.1,173.06
ORD-101701,2023-11-10,CUST-1320,Customer 70,South,Tamil Nadu,Furniture,Bookcases,Steel Shelf,21075.98,5,0.2,4237.74
ORD-101702,2025-10-19,CUST-1553,Customer 522,South,Kerala,Furniture,Chairs,Visitor Chair,10848.93,2,0.1,1892.25
ORD-101703,2025-03-30,CUST-1548,Customer 424,North,Punjab,Technology,Laptops,NotePro 16,161504.85,3,0.15,30336.14
ORD-101704,2023-09-30,CUST-1286,Customer 598,East,Odisha,Office Supplies,Binders,Ring Binder,146.66,1,0.25,29.47
ORD-101705,2024-07-29,CUST-1569,Customer 180,East,Bihar,Office Supplies,Storage,Storage Bin,1703.98,2,0.0,458.21
ORD-101706,2025-12-22,CUST-1113,Customer 140,West,Rajasthan,Technology,Laptops,WorkMate 13,62652.48,1,0.1,4235.37
ORD-101707,2024-11-16,CUST-1002,Customer 347,East,West Bengal,Office Supplies,Paper,A4 Paper Pack,320.32,1,0.05,74.78
ORD-101708,2024-12-05,CUST-1359,Customer 434,North,Haryana,Furniture,Tables,Study Table,13083.57,1,0.0,2726.14
ORD-101709,2023-01-30,CUST-1613,Customer 142,South,Kerala,Furniture,Chairs,Visitor Chair,11170.52,2,0.1,1895.29
ORD-101710,2024-07-13,CUST-1513,Customer 133,East,Bihar,Technology,Phones,ProPhone X,47938.34,1,0.1,12938.41
ORD-101711,2024-03-21,CUST-1428,Customer 293,north,Uttar Pradesh,Office Supplies,Paper,A4 Paper Pack,404.58,2,0.15,71.3
ORD-101712,2024-11-28,CUST-1478,Customer 600,East,Jharkhand,Technology,Accessories,USB-C Hub,10698.99,2,0.0,2391.82
ORD-101713,2024-02-29,CUST-1310,Customer 551,East,West Bengal,Furniture,Chairs,Ergo Chair,7463.51,1,0.05,379.91
ORD-101714,2024-10-24,CUST-1533,Customer 208,North,Uttar Pradesh,Office Supplies,Binders,Ring Binder,646.38,1,0.1,159.39
ORD-101715,2025-05-05,CUST-1221,Customer 588,North,Punjab,Technology,Laptops,UltraBook 14,274290.34,3,0.15,50591.73
ORD-101716,2025-01-30,CUST-1528,Customer 41,East,West Bengal,Office Supplies,Paper,A4 Paper Pack,2532.35,5,0.05,605.09
ORD-101717,2023-06-30,CUST-1240,Customer 423,East,Odisha,Technology,Laptops,UltraBook 14,273039.32,3,0.0,59662.77
ORD-101718,2023-05-18,CUST-1438,Customer 56,South,Kerala,Office Supplies,Paper,A4 Paper Pack,401.49,1,0.2,12.16
ORD-101719,2025-08-27,CUST-1256,Customer 592,North,Haryana,Office Supplies,Binders,Presentation Binder,365.93,3,0.25,60.56
ORD-101720,2024-11-21,CUST-1155,Customer 1,West,Goa,Office Supplies,Paper,Color Paper,1058.45,1,0.1,127.93
ORD-101721,2025-02-20,CUST-1026,Customer 315,West,Maharashtra,Furniture,Tables,Study Table,12538.91,2,0.05,3013.02
ORD-101722,2025-07-30,CUST-1107,Customer 602,East,West Bengal,Technology,Accessories,Wireless Mouse,4283.4,3,0.2,276.14
ORD-101723,2023-07-06,CUST-1588,Customer 627,West,Gujarat,Furniture,Tables,Office Desk,63150.45,3,0.15,8180.76
ORD-101724,2024-08-11,CUST-1239,Customer 346,North,Delhi,Furniture,Tables,Compact Desk,16214.49,3,0.1,1481.45
ORD-101725,2023-02-26,CUST-1501,Customer 173,East,Odisha,Technology,Laptops,ProBook 15,203604.8,3,0.1,32141.13
ORD-101726,2023-10-25,CUST-1633,Customer 189,South,Kerala,Office Supplies,Paper,Color Paper,439.36,1,0.25,54.6
ORD-101727,2025-02-27,CUST-1297,Customer 298,North,Punjab,Furniture,Bookcases,Oak Bookcase,79941.16,5,0.0,6178.44
ORD-101728,2024-09-28,CUST-1392,Customer 140,West,Maharashtra,Office Supplies,Paper,A4 Paper Pack,1573.65,2,0.0,257.8
ORD-101729,2023-12-30,CUST-1471,Customer 612,South,Kerala,Office Supplies,Paper,Premium Paper,1551.72,2,0.15,394.71
ORD-101730,2023-02-19,CUST-1423,Customer 368,North,Uttar Pradesh,Furniture,Tables,Meeting Table,83298.9,3,0.0,17924.17
ORD-101731,2025-06-03,CUST-1622,Customer 426,South,Kerala,Office Supplies,Storage,Storage Bin,1681.22,4,0.0,160.77
ORD-101732,2023-04-13,CUST-1519,Customer 474,East,Bihar,Office Supplies,Paper,Color Paper,1670.85,3,0.1,93.37
ORD-101733,2024-10-26,CUST-1246,Customer 468,West,Rajasthan,Furniture,Chairs,Ergo Chair,16612.14,2,0.1,4185.53
ORD-101734,2025-10-22,CUST-1094,Customer 571,North,Haryana,Technology,Accessories,Webcam HD,9077.99,2,0.0,726.86
ORD-101735,2024-10-21,CUST-1435,Customer 204,West,Maharashtra,Furniture,Bookcases,Storage Cabinet,41367.21,2,0.0,5200.39
ORD-101736,2024-01-18,CUST-1182,Customer 586,North,Delhi,Office Supplies,Storage,Storage Bin,1045.28,1,0.15,284.93
ORD-101737,2025-12-18,CUST-1105,Customer 63,West,Maharashtra,Office Supplies,Paper,Premium Paper,973.03,2,0.2,208.41
ORD-101738,2025-09-30,CUST-1484,Customer 426,South,Kerala,Technology,Phones,ProPhone X,17022.29,1,0.25,2127.2
ORD-101739,2025-05-07,CUST-1341,Customer 441,West,Goa,Furniture,Bookcases,Storage Cabinet,7949.62,1,0.1,1904.43
ORD-101740,2025-11-11,CUST-1395,Customer 444,East,Odisha,Technology,Accessories,USB-C Hub,3768.18,1,0.05,484.36
ORD-101741,2023-07-19,CUST-1492,Customer 547,West,Maharashtra,Technology,Accessories,Mechanical Keyboard,1130.79,1,0.1,139.4
ORD-101742,2024-09-14,CUST-1441,Customer 412,West,Rajasthan,Technology,Accessories,Webcam HD,2710.88,1,0.05,723.47
ORD-101743,2023-03-06,CUST-1208,Customer 2,South,Kerala,Office Supplies,Binders,Ring Binder,794.49,3,0.0,203.98
ORD-101744,2024-11-11,CUST-1283,Customer 109,West,Goa,Furniture,Chairs,Mesh Chair,44608.16,4,0.15,6134.78
ORD-101745,2025-11-13,CUST-1573,Customer 477,East,Bihar,Technology,Laptops,NotePro 16,205253.55,2,0.0,37504.28
ORD-101746,2023-10-03,CUST-1529,Customer 184,North,Haryana,Furniture,Tables,Office Desk,28311.97,3,0.0,1491.3
ORD-101747,2023-07-14,CUST-1174,Customer 468,South,Karnataka,Furniture,Bookcases,Oak Bookcase,22743.58,2,0.0,5783.42
ORD-101748,2025-04-05,CUST-1185,Customer 521,East,West Bengal,Technology,Phones,ProPhone X,114894.59,2,0.1,14949.37
ORD-101749,2024-11-06,CUST-1321,Customer 349,East,Jharkhand,Technology,Phones,ProPhone X,43294.05,1,0.15,6700.01
ORD-101750,2023-03-25,CUST-1215,Customer 56,East,Odisha,Office Supplies,Binders,Lever Arch File,1530.36,5,0.0,325.83
ORD-101751,2024-09-26,CUST-1223,Customer 71,South,Andhra Pradesh,Office Supplies,Paper,A4 Paper Pack,367.65,1,0.1,100.21
ORD-101752,2025-11-14,CUST-1593,Customer 238,East,Bihar,Furniture,Tables,Study Table,26578.02,2,0.15,5368.1
ORD-101753,2025-11-17,CUST-1455,Customer 230,North,Uttar Pradesh,Technology,Phones,Pixel Edge,122179.27,3,0.05,26179.78
ORD-101754,2024-07-30,CUST-1233,Customer 648,South,Kerala,Technology,Accessories,Wireless Mouse,4296.45,1,0.0,913.73
ORD-101755,2024-12-07,CUST-1043,Customer 324,North,Uttar Pradesh,Office Supplies,Storage,File Box,7738.4,5,0.25,1720.14
ORD-101756,2023-11-28,CUST-1015,Customer 50,West,Gujarat,Technology,Accessories,Webcam HD,1426.28,1,0.2,98.13
ORD-101757,2023-10-24,CUST-1092,Customer 586,West,Rajasthan,Technology,Laptops,UltraBook 14,188586.77,3,0.1,23812.53
ORD-101758,2025-12-11,CUST-1293,Customer 481,West,Gujarat,Furniture,Bookcases,Corner Shelf,57429.57,3,0.1,14702.93
ORD-101759,2023-07-29,CUST-1291,Customer 108,West,Goa,Furniture,Tables,Compact Desk,24763.45,2,0.05,6638.9
ORD-101760,2023-02-14,CUST-1634,Customer 316,West,Gujarat,Technology,Phones,Galaxy Max,59493.25,2,0.1,12125.87
ORD-101761,2023-03-10,CUST-1201,Customer 492,North,Uttar Pradesh,Technology,Laptops,WorkMate 13,74120.1,1,0.15,18390.64
ORD-101762,2024-12-10,CUST-1589,Customer 22,East,Odisha,Technology,Phones,ProPhone X,60625.96,1,0.05,5460.9
ORD-101763,2023-03-30,CUST-1006,Customer 238,West,Rajasthan,Technology,Phones,Galaxy Max,75928.39,2,0.25,9151.76
ORD-101764,2025-02-02,CUST-1261,Customer 603,East,Odisha,Technology,Phones,ProPhone X,184149.35,4,0.2,19281.92
ORD-101765,2025-12-28,CUST-1299,Customer 20,North,Uttar Pradesh,Technology,Laptops,UltraBook 14,194449.35,4,0.15,52303.67
ORD-101766,2025-08-26,CUST-1395,Customer 562,North,Delhi,Office Supplies,Binders,Presentation Binder,933.13,2,0.05,52.45
ORD-101767,2025-02-17,CUST-1586,Customer 359,South,Kerala,Technology,Phones,Pixel Edge,104451.24,4,0.0,27895.8
ORD-101768,2025-02-27,CUST-1411,Customer 73,South,Andhra Pradesh,Office Supplies,Paper,Color Paper,399.28,1,0.0,42.72
ORD-101769,2024-06-16,CUST-1216,Customer 591,North,Haryana,Technology,Phones,Galaxy Max,50894.23,2,0.15,12928.74
ORD-101770,2024-11-14,CUST-1480,Customer 524,West,Rajasthan,Technology,Phones,SmartOne 12,21463.77,1,0.0,4065.55
ORD-101771,2023-03-26,CUST-1066,Customer 447,South,Andhra Pradesh,Office Supplies,Storage,Storage Bin,4626.85,2,0.0,1021.82
ORD-101772,2025-10-08,CUST-1235,Customer 90,East,West Bengal,Office Supplies,Paper,Premium Paper,667.21,3,0.1,37.71
ORD-101773,2023-07-12,CUST-1387,Customer 313,East,Bihar,Office Supplies,Storage,Drawer Organizer,2475.9,1,0.0,568.49
ORD-101774,2023-07-23,CUST-1376,Customer 474,East,Odisha,Technology,Laptops,NotePro 16,72973.88,1,0.05,8821.57
ORD-101775,2023-12-20,CUST-1334,Customer 136,East,Odisha,Office Supplies,Binders,Lever Arch File,2108.08,3,0.0,349.07
ORD-101776,2024-12-30,CUST-1205,Customer 338,North,Haryana,Furniture,Bookcases,Storage Cabinet,25325.45,2,0.1,2657.8
ORD-101777,2024-04-22,CUST-1641,Customer 555,South,Tamil Nadu,Furniture,Bookcases,Storage Cabinet,31929.16,5,0.2,7378.49
ORD-101778,2023-04-17,CUST-1061,Customer 358,North,Haryana,Office Supplies,Binders,Lever Arch File,839.68,4,0.1,225.93
ORD-101779,2023-10-18,CUST-1023,Customer 530,West,Rajasthan,Technology,Accessories,Mechanical Keyboard,1611.47,2,0.1,224.74
ORD-101780,2023-03-19,CUST-1336,Customer 535,North,Uttar Pradesh,Furniture,Bookcases,Steel Shelf,14964.78,1,0.0,1048.8
ORD-101781,2025-11-17,CUST-1634,Customer 532,West,Gujarat,Office Supplies,Paper,Color Paper,359.6,1,0.25,62.0
ORD-101782,2023-03-25,CUST-1620,Customer 609,West,Rajasthan,Office Supplies,Storage,File Box,1642.37,3,0.05,138.33
ORD-101783,2025-06-04,CUST-1526,Customer 302,East,West Bengal,Office Supplies,Paper,Premium Paper,1667.84,2,0.1,342.72
ORD-101784,2024-01-08,CUST-1491,Customer 277,South,Karnataka,Furniture,Chairs,Mesh Chair,11930.74,1,0.05,1774.45
ORD-101785,2024-03-21,CUST-1417,Customer 569,North,Uttar Pradesh,Technology,Accessories,Webcam HD,2463.9,1,0.15,357.61
ORD-101786,2025-11-18,CUST-1462,Customer 627,West,Maharashtra,Furniture,Tables,Compact Desk,100996.35,5,0.15,25934.99
ORD-101787,2024-10-11,CUST-1147,Customer 131,North,Punjab,Office Supplies,Storage,Drawer Organizer,3931.6,2,0.05,788.36
ORD-101788,2024-10-01,CUST-1520,Customer 395,East,West Bengal,Furniture,Chairs,Ergo Chair,11945.33,3,0.0,1308.05
ORD-101789,2023-12-28,CUST-1409,Customer 440,West,Goa,Office Supplies,Storage,Storage Bin,1121.5,1,0.2,23.57
ORD-101790,2023-02-13,CUST-1056,Customer 14,South,Tamil Nadu,Furniture,Chairs,Executive Chair,30569.64,2,0.15,4132.09
ORD-101791,2025-02-18,CUST-1628,Customer 600,South,Kerala,Office Supplies,Paper,Premium Paper,920.05,2,0.15,156.41
ORD-101792,2024-05-21,CUST-1282,Customer 265,North,Uttar Pradesh,Office Supplies,Paper,A4 Paper Pack,1237.91,2,0.0,204.43
ORD-101793,2025-09-03,CUST-1276,Customer 196,South,Karnataka,Furniture,Tables,Compact Desk,68144.62,3,0.1,5995.56
ORD-101794,2023-12-27,CUST-1008,Customer 132,North,Delhi,Office Supplies,Binders,Ring Binder,1979.14,4,0.0,258.94
ORD-101795,2025-07-14,CUST-1156,Customer 180,South,Tamil Nadu,Furniture,Tables,Compact Desk,106289.58,4,0.1,7075.14
ORD-101796,2024-09-14,CUST-1098,Customer 319,South,Karnataka,Furniture,Tables,Meeting Table,95905.15,4,0.05,17103.74
ORD-101797,2025-04-16,CUST-1245,Customer 618,South,Kerala,Technology,Phones,Galaxy Max,107427.14,2,0.0,21762.31
ORD-101798,2025-01-16,CUST-1561,Customer 396,East,Bihar,Furniture,Tables,Meeting Table,59307.53,2,0.0,12791.66
ORD-101799,2023-12-24,CUST-1561,Customer 148,South,Andhra Pradesh,Technology,Accessories,Webcam HD,617.41,1,0.0,138.21
ORD-101800,2025-02-15,CUST-1483,Customer 588,West,Rajasthan,Technology,Accessories,Wireless Mouse,5062.87,2,0.2,503.59
ORD-101801,2024-12-06,CUST-1195,Customer 499,North,Punjab,Technology,Accessories,Mechanical Keyboard,2385.26,2,0.0,273.7
ORD-101802,2023-04-17,CUST-1495,Customer 220,East,Bihar,Furniture,Chairs,Visitor Chair,41691.06,3,0.15,10577.92
ORD-101803,2023-03-07,CUST-1469,Customer 234,South,Karnataka,Technology,Accessories,Wireless Mouse,7340.77,2,0.15,2033.56
ORD-101804,2023-08-23,CUST-1517,Customer 312,South,Andhra Pradesh,Office Supplies,Binders,Lever Arch File,3318.11,5,0.1,797.24
ORD-101805,2025-06-21,CUST-1232,Customer 403,West,Gujarat,Office Supplies,Binders,Ring Binder,1755.33,2,0.0,470.09
ORD-101806,2024-05-19,CUST-1241,Customer 167,West,Rajasthan,Technology,Laptops,ProBook 15,76470.69,1,0.1,5749.8
ORD-101807,2023-10-05,CUST-1344,Customer 290,East,Odisha,Office Supplies,Storage,Drawer Organizer,2351.73,4,0.0,512.01
ORD-101808,2024-08-24,CUST-1495,Customer 498,West,Goa,Technology,Phones,Pixel Edge,24522.48,1,0.05,3031.25
ORD-101809,2024-08-12,CUST-1152,Customer 530,North,Punjab,Furniture,Tables,Office Desk,47064.74,2,0.1,4107.27
ORD-101810,2023-08-05,CUST-1448,Customer 102,North,Haryana,Furniture,Tables,Compact Desk,4968.08,1,0.0,903.83
ORD-101811,2023-06-30,CUST-1325,Customer 325,West,Gujarat,Technology,Accessories,Wireless Mouse,4318.41,2,0.2,-17.98
ORD-101812,2024-06-28,CUST-1366,Customer 150,South,Karnataka,Office Supplies,Storage,File Box,1408.36,2,0.1,225.33
ORD-101813,2025-07-12,CUST-1404,Customer 10,East,Odisha,Office Supplies,Storage,File Box,1469.72,1,0.0,160.56
ORD-101814,2024-07-11,CUST-1543,Customer 587,West,Maharashtra,Technology,Laptops,NotePro 16,199356.7,5,0.15,33549.34
ORD-101815,2025-02-10,CUST-1142,Customer 298,North,Haryana,Office Supplies,Binders,Lever Arch File,313.36,1,0.2,11.57
ORD-101816,2023-01-15,CUST-1108,Customer 519,North,Punjab,Office Supplies,Storage,Drawer Organizer,825.32,3,0.25,112.9
ORD-101817,2023-11-17,CUST-1642,Customer 116,South,Andhra Pradesh,Office Supplies,Storage,Drawer Organizer,1008.52,1,0.1,126.85
ORD-101818,2023-09-18,CUST-1121,Customer 625,West,Gujarat,Technology,Accessories,USB-C Hub,3940.13,1,0.0,295.62
ORD-101819,2024-02-07,CUST-1179,Customer 535,South,Karnataka,Office Supplies,Paper,Premium Paper,1720.84,2,0.0,228.05
ORD-101820,2025-05-04,CUST-1225,Customer 5,East,Bihar,Furniture,Bookcases,Oak Bookcase,43849.27,3,0.1,8885.26
ORD-101821,2023-05-03,CUST-1409,Customer 87,East,Bihar,Furniture,Chairs,Ergo Chair,4952.01,1,0.0,270.26
ORD-101822,2025-06-05,CUST-1151,Customer 323,East,West Bengal,Office Supplies,Binders,Lever Arch File,449.57,1,0.05,59.92
ORD-101823,2025-02-11,CUST-1451,Customer 511,East,West Bengal,Technology,Laptops,WorkMate 13,91228.72,1,0.15,10745.78
ORD-101824,2025-05-11,CUST-1072,Customer 57,West,Rajasthan,Technology,Laptops,WorkMate 13,163997.53,2,0.0,24680.93
ORD-101825,2025-01-01,CUST-1463,Customer 344,West,Gujarat,Furniture,Chairs,Ergo Chair,10666.21,1,0.15,1744.6
ORD-101826,2024-02-09,CUST-1628,Customer 246,West,Maharashtra,Technology,Accessories,Mechanical Keyboard,7985.76,2,0.2,524.81
ORD-101827,2024-11-13,CUST-1298,Customer 332,South,Tamil Nadu,Technology,Laptops,WorkMate 13,181174.65,2,0.15,20322.56
ORD-101828,2024-09-30,CUST-1516,Customer 511,East,Bihar,Office Supplies,Paper,Color Paper,501.36,1,0.2,29.53
ORD-101829,2023-04-21,CUST-1618,Customer 303,West,Goa,Technology,Laptops,NotePro 16,190835.61,3,0.05,24335.53
ORD-101830,2024-06-22,CUST-1564,Customer 345,East,Bihar,Technology,Laptops,NotePro 16,77940.45,2,0.1,6649.2
ORD-101831,2023-08-30,CUST-1356,Customer 281,South,Tamil Nadu,Technology,Laptops,ProBook 15,133439.67,3,0.05,31495.24
ORD-101832,2025-06-13,CUST-1269,Customer 254,West,Goa,Office Supplies,Paper,Premium Paper,768.31,1,0.1,125.97
ORD-101833,2025-07-16,CUST-1412,Customer 399,West,Goa,Office Supplies,Storage,Storage Bin,4389.5,3,0.15,1114.84
ORD-101834,2025-11-06,CUST-1203,Customer 223,North,Uttar Pradesh,Technology,Laptops,UltraBook 14,134558.78,3,0.1,22690.17
ORD-101835,2023-10-05,CUST-1267,Customer 494,East,Odisha,Furniture,Tables,Study Table,47039.24,2,0.1,12027.82
ORD-101836,2025-12-23,CUST-1449,Customer 649,South,Kerala,Office Supplies,Paper,A4 Paper Pack,531.37,1,0.15,44.72
ORD-101837,2024-06-23,CUST-1496,Customer 26,West,Gujarat,Technology,Accessories,Mechanical Keyboard,9827.05,4,0.15,1659.2
ORD-101838,2023-06-25,CUST-1447,Customer 484,East,West Bengal,Technology,Accessories,Wireless Mouse,4299.19,2,0.1,242.58
ORD-101839,2024-04-17,CUST-1171,Customer 284,South,Karnataka,Furniture,Tables,Office Desk,32093.2,2,0.15,5720.0
ORD-101840,2024-04-26,CUST-1192,Customer 407,South,Tamil Nadu,Furniture,Tables,Study Table,6338.25,1,0.15,1641.63
ORD-101841,2025-10-16,CUST-1481,Customer 423,North,Haryana,Technology,Laptops,WorkMate 13,263801.47,4,0.15,68960.57
ORD-101842,2024-12-26,CUST-1219,Customer 360,West,Gujarat,Office Supplies,Paper,Premium Paper,1330.33,2,0.25,317.42
ORD-101843,2024-12-14,CUST-1389,Customer 564,East,Bihar,Office Supplies,Paper,Color Paper,281.27,1,0.15,67.37
ORD-101844,2024-01-14,CUST-1305,Customer 427,South,Andhra Pradesh,Technology,Laptops,WorkMate 13,247812.25,4,0.05,29484.89
ORD-101845,2023-04-25,CUST-1115,Customer 35,West,Gujarat,Technology,Phones,SmartOne 12,51742.88,1,0.05,9032.86
ORD-101846,2023-09-26,CUST-1415,Customer 578,East,Bihar,Technology,Accessories,Wireless Mouse,14957.25,3,0.0,3514.65
ORD-101847,2024-06-04,CUST-1433,Customer 615,North,Haryana,Office Supplies,Paper,Color Paper,465.45,2,0.1,92.18
ORD-101848,2025-01-24,CUST-1011,Customer 401,East,West Bengal,Office Supplies,Binders,Lever Arch File,165.56,1,0.15,19.98
ORD-101849,2023-11-10,CUST-1644,Customer 57,North,Uttar Pradesh,Furniture,Chairs,Executive Chair,24965.33,2,0.05,6391.41
ORD-101850,2024-01-27,CUST-1479,Customer 648,West,Goa,Technology,Phones,SmartOne 12,54118.86,1,0.0,12584.49
ORD-101851,2023-01-12,CUST-1645,Customer 581,West,Goa,Technology,Laptops,WorkMate 13,88148.45,2,0.2,4356.24
ORD-101852,2024-02-13,CUST-1036,Customer 174,South,Kerala,Furniture,Bookcases,Corner Shelf,29676.07,2,0.15,4430.77
ORD-101853,2023-06-30,CUST-1636,Customer 647,North,Haryana,Technology,Phones,ProPhone X,134222.94,3,0.15,29038.27
ORD-101854,2023-06-18,CUST-1022,Customer 399,West,Rajasthan,Technology,Phones,SmartOne 12,135947.1,4,0.0,23380.14
ORD-101855,2025-07-21,CUST-1387,Customer 611,East,Jharkhand,Furniture,Bookcases,Storage Cabinet,11532.05,1,0.2,260.74
ORD-101856,2023-09-07,CUST-1272,Customer 412,West,Rajasthan,Technology,Accessories,Wireless Mouse,4037.18,1,0.2,826.49
ORD-101857,2025-04-21,CUST-1474,Customer 390,North,Delhi,Furniture,Chairs,Executive Chair,10479.01,1,0.2,510.18
ORD-101858,2023-01-14,CUST-1262,Customer 57,West,Gujarat,Technology,Laptops,WorkMate 13,183025.13,2,0.15,46710.24
ORD-101859,2025-03-31,CUST-1431,Customer 39,West,Rajasthan,Technology,Phones,SmartOne 12,181676.41,4,0.2,12333.69
ORD-101860,2024-05-24,CUST-1454,Customer 433,East,Bihar,Technology,Laptops,NotePro 16,112310.19,2,0.15,13838.98
ORD-101861,2025-11-02,CUST-1057,Customer 82,East,Jharkhand,Technology,Phones,ProPhone X,133758.86,3,0.0,24991.23
ORD-101862,2023-07-29,CUST-1204,Customer 38,North,Delhi,Furniture,Bookcases,Steel Shelf,41338.68,3,0.1,4895.55
ORD-101863,2025-06-29,CUST-1341,Customer 233,North,Uttar Pradesh,Furniture,Bookcases,Oak Bookcase,10600.87,1,0.15,2152.2
ORD-101864,2025-05-25,CUST-1085,Customer 379,East,Bihar,Technology,Phones,SmartOne 12,60885.46,1,0.0,6762.69
ORD-101865,2024-09-06,CUST-1040,Customer 96,West,Goa,Technology,Accessories,Webcam HD,8824.73,2,0.05,2397.87
ORD-101866,2025-05-21,CUST-1610,Customer 62,North,Uttar Pradesh,Furniture,Bookcases,Storage Cabinet,16411.78,1,0.0,4575.33
ORD-101867,2024-07-12,CUST-1154,Customer 131,West,Maharashtra,Technology,Laptops,UltraBook 14,48099.2,1,0.15,7733.92
ORD-101868,2024-05-06,CUST-1159,Customer 573,West,Gujarat,Technology,Accessories,USB-C Hub,24737.04,5,0.0,4464.39
ORD-101869,2023-01-19,CUST-1326,Customer 266,South,Karnataka,Technology,Phones,Galaxy Max,22275.44,1,0.25,398.03
ORD-101870,2025-06-23,CUST-1414,Customer 609,East,Jharkhand,Office Supplies,Paper,Color Paper,477.21,1,0.15,70.3
ORD-101871,2023-11-11,CUST-1082,Customer 468,West,Rajasthan,Furniture,Tables,Office Desk,10895.91,2,0.15,2849.97
ORD-101872,2023-12-10,CUST-1021,Customer 560,North,Delhi,Office Supplies,Storage,Storage Bin,3887.8,2,0.2,216.22
ORD-101873,2025-08-15,CUST-1134,Customer 477,West,Goa,Furniture,Chairs,Mesh Chair,10399.57,1,0.1,1779.29
ORD-101874,2025-06-22,CUST-1440,Customer 227,North,Haryana,Technology,Accessories,USB-C Hub,11603.06,2,0.0,2663.21
ORD-101875,2023-11-15,CUST-1369,Customer 56,South,Tamil Nadu,Office Supplies,Binders,Ring Binder,3220.85,5,0.05,443.83
ORD-101876,2023-04-24,CUST-1649,Customer 118,West,Maharashtra,Office Supplies,Paper,Color Paper,686.83,1,0.2,26.14
ORD-101877,2023-03-11,CUST-1467,Customer 79,West,Goa,Furniture,Chairs,Ergo Chair,36915.67,3,0.2,3738.93
ORD-101878,2024-02-07,CUST-1297,Customer 631,West,Rajasthan,Furniture,Chairs,Executive Chair,49528.17,5,0.1,12932.52
ORD-101879,2024-04-13,CUST-1497,Customer 150,East,Bihar,Furniture,Bookcases,Oak Bookcase,13986.63,1,0.15,1074.75
ORD-101880,2025-02-25,CUST-1341,Customer 395,West,Rajasthan,Furniture,Chairs,Executive Chair,15736.01,2,0.05,2086.83
ORD-101881,2025-03-07,CUST-1112,Customer 357,West,Goa,Technology,Accessories,Webcam HD,1557.95,2,0.15,275.4
ORD-101882,2023-05-30,CUST-1399,Customer 103,South,Kerala,Technology,Accessories,Mechanical Keyboard,5277.34,3,0.1,633.19
ORD-101883,2024-03-07,CUST-1195,Customer 138,West,Rajasthan,Technology,Laptops,NotePro 16,128585.61,4,0.2,22022.18
ORD-101884,2025-08-15,CUST-1628,Customer 616,West,Gujarat,Technology,Accessories,Mechanical Keyboard,12380.21,3,0.15,2063.33
ORD-101885,2025-06-20,CUST-1263,Customer 157,North,Punjab,Technology,Laptops,UltraBook 14,83709.74,1,0.1,10199.06
ORD-101886,2024-03-17,CUST-1166,Customer 550,South,Tamil Nadu,Technology,Accessories,Mechanical Keyboard,7790.26,2,0.2,152.92
ORD-101887,2025-02-18,CUST-1137,Customer 394,West,Goa,Technology,Laptops,WorkMate 13,67916.17,2,0.05,7004.96
ORD-101888,2023-12-15,CUST-1464,Customer 413,North,Delhi,Office Supplies,Binders,Presentation Binder,418.43,1,0.0,99.21
ORD-101889,2025-01-31,CUST-1158,Customer 440,West,Maharashtra,Technology,Accessories,Wireless Mouse,4123.26,2,0.1,530.98
ORD-101890,2024-09-25,CUST-1047,Customer 507,East,Bihar,Technology,Phones,ProPhone X,49063.27,3,0.1,5638.97
ORD-101891,2024-04-24,CUST-1309,Customer 242,West,Maharashtra,Furniture,Chairs,Executive Chair,36395.81,3,0.0,9746.48
ORD-101892,2025-10-18,CUST-1619,Customer 365,South,Kerala,Technology,Phones,SmartOne 12,301659.73,5,0.0,27152.64
ORD-101893,2024-11-18,CUST-1012,Customer 279,East,West Bengal,Furniture,Tables,Compact Desk,6975.7,1,0.25,-169.36
ORD-101894,2023-10-17,CUST-1557,Customer 593,South,Karnataka,Technology,Phones,ProPhone X,71116.7,2,0.1,17934.09
ORD-101895,2025-10-13,CUST-1002,Customer 330,South,Karnataka,Office Supplies,Storage,Drawer Organizer,2188.5,3,0.0,566.8
ORD-101896,2024-02-26,CUST-1468,Customer 68,West,Gujarat,Technology,Accessories,Webcam HD,22151.06,5,0.0,6094.18
ORD-101897,2024-07-09,CUST-1354,Customer 143,South,Andhra Pradesh,Office Supplies,Binders,Presentation Binder,431.96,1,0.0,53.64
ORD-101898,2025-10-07,CUST-1169,Customer 244,West,Rajasthan,Office Supplies,Paper,A4 Paper Pack,942.35,3,0.1,170.29
ORD-101899,2023-10-30,CUST-1314,Customer 176,North,Delhi,Technology,Laptops,NotePro 16,123992.21,3,0.1,6237.2
ORD-101900,2024-11-03,CUST-1593,Customer 572,East,Odisha,Technology,Laptops,NotePro 16,335577.88,5,0.1,64835.53
ORD-101901,2023-05-07,CUST-1601,Customer 392,West,Maharashtra,Technology,Phones,Pixel Edge,181271.53,3,0.0,9920.58
ORD-101902,2025-03-31,CUST-1068,Customer 517,South,Karnataka,Furniture,Tables,Compact Desk,41376.97,2,0.1,10879.48
ORD-101903,2024-06-16,CUST-1094,Customer 482,West,Maharashtra,Office Supplies,Binders,Ring Binder,893.16,4,0.15,54.31
ORD-101904,2024-08-20,CUST-1372,Customer 587,East,West Bengal,Office Supplies,Binders,Ring Binder,308.36,2,0.1,56.5
ORD-101905,2023-04-27,CUST-1019,Customer 188,North,Punjab,Office Supplies,Storage,Drawer Organizer,4693.03,4,0.15,499.33
ORD-101906,2025-10-17,CUST-1403,Customer 159,East,West Bengal,Technology,Phones,Galaxy Max,160468.98,3,0.15,8237.29
ORD-101907,2025-05-06,CUST-1615,Customer 206,East,West Bengal,Technology,Laptops,UltraBook 14,69466.34,1,0.1,13634.24
ORD-101908,2024-06-12,CUST-1474,Customer 110,North,Punjab,Office Supplies,Storage,File Box,895.54,1,0.1,82.36
ORD-101909,2025-07-05,CUST-1636,Customer 36,North,Haryana,Technology,Phones,Pixel Edge,44737.52,2,0.1,11249.47
ORD-101910,2025-05-28,CUST-1175,Customer 227,South,Kerala,Office Supplies,Binders,Presentation Binder,696.19,2,0.05,125.77
ORD-101911,2023-03-08,CUST-1376,Customer 64,South,Tamil Nadu,Office Supplies,Paper,Color Paper,748.28,1,0.2,92.28
ORD-101912,2023-09-11,CUST-1133,Customer 508,West,Gujarat,Office Supplies,Paper,Premium Paper,926.38,3,0.1,123.65
ORD-101913,2024-11-17,CUST-1023,Customer 403,North,Uttar Pradesh,Technology,Accessories,Wireless Mouse,7388.07,2,0.1,1632.93
ORD-101914,2023-03-19,CUST-1165,Customer 354,East,Bihar,Technology,Laptops,NotePro 16,94084.24,1,0.1,5261.22
ORD-101915,2025-03-17,CUST-1305,Customer 171,South,Andhra Pradesh,Office Supplies,Binders,Lever Arch File,521.37,3,0.15,87.17
ORD-101916,2023-09-24,CUST-1537,Customer 421,West,Gujarat,Technology,Accessories,Wireless Mouse,1654.8,2,0.25,231.93
ORD-101917,2023-04-11,CUST-1066,Customer 397,East,West Bengal,Office Supplies,Paper,Color Paper,2368.74,3,0.0,307.65
ORD-101918,2024-02-15,CUST-1390,Customer 283,South,Kerala,Technology,Laptops,ProBook 15,260800.5,4,0.1,50324.76
ORD-101919,2025-08-19,CUST-1124,Customer 121,West,Rajasthan,Office Supplies,Binders,Presentation Binder,1249.19,2,0.05,279.47
ORD-101920,2025-02-21,CUST-1057,Customer 117,South,Andhra Pradesh,Office Supplies,Paper,A4 Paper Pack,867.82,1,0.1,232.42
ORD-101921,2023-05-30,CUST-1253,Customer 253,South,Kerala,Furniture,Tables,Office Desk,15379.39,1,0.15,1336.3
ORD-101922,2023-05-03,CUST-1456,Customer 61,North,Uttar Pradesh,Technology,Laptops,ProBook 15,81258.89,1,0.2,-640.25
ORD-101923,2024-11-03,CUST-1640,Customer 437,West,Maharashtra,Furniture,Bookcases,Oak Bookcase,24199.37,2,0.05,1954.22
ORD-101924,2025-05-21,CUST-1282,Customer 401,South,Tamil Nadu,Furniture,Chairs,Mesh Chair,28151.32,2,0.1,1477.2
ORD-101925,2024-03-18,CUST-1540,Customer 46,South,Tamil Nadu,Office Supplies,Paper,Color Paper,2395.53,2,0.0,591.44
ORD-101926,2024-06-14,CUST-1556,Customer 34,East,West Bengal,Office Supplies,Paper,A4 Paper Pack,999.61,1,0.1,128.42
ORD-101927,2024-08-19,CUST-1335,Customer 331,West,Maharashtra,Furniture,Chairs,Visitor Chair,4253.65,1,0.0,281.12
ORD-101928,2024-03-28,CUST-1190,Customer 228,West,Rajasthan,Office Supplies,Paper,Premium Paper,406.81,1,0.1,76.97
ORD-101929,2025-10-27,CUST-1397,Customer 441,East,West Bengal,Technology,Accessories,Webcam HD,1559.86,1,0.0,370.36
ORD-101930,2025-09-05,CUST-1339,Customer 117,West,Maharashtra,Technology,Accessories,Webcam HD,15136.45,5,0.15,3631.63
ORD-101931,2023-08-03,CUST-1164,Customer 328,West,Maharashtra,Furniture,Bookcases,Corner Shelf,14715.02,1,0.25,2137.34
ORD-101932,2024-07-15,CUST-1491,Customer 469,West,Rajasthan,Technology,Phones,SmartOne 12,99927.47,2,0.1,6223.85
ORD-101933,2025-03-16,CUST-1484,Customer 230,North,Punjab,Technology,Accessories,Mechanical Keyboard,3745.75,2,0.05,236.79
ORD-101934,2023-08-21,CUST-1226,Customer 432,North,Haryana,Office Supplies,Paper,A4 Paper Pack,629.52,1,0.05,105.86
ORD-101935,2023-10-19,CUST-1497,Customer 413,East,Odisha,Technology,Laptops,NotePro 16,281348.02,3,0.05,51998.0
ORD-101936,2024-04-12,CUST-1366,Customer 160,South,Tamil Nadu,Furniture,Bookcases,Storage Cabinet,42513.3,4,0.1,4688.99
ORD-101937,2023-01-22,CUST-1051,Customer 229,West,Rajasthan,Technology,Phones,SmartOne 12,184428.71,5,0.1,48156.46
ORD-101938,2025-04-28,CUST-1621,Customer 263,West,Goa,Furniture,Bookcases,Oak Bookcase,19119.62,5,0.0,4568.34
ORD-101939,2025-03-01,CUST-1173,Customer 404,East,West Bengal,Office Supplies,Paper,Premium Paper,5294.54,5,0.1,886.82
ORD-101940,2023-09-02,CUST-1410,Customer 198,East,Jharkhand,Furniture,Tables,Compact Desk,8523.31,2,0.15,1799.23
ORD-101941,2025-11-20,CUST-1020,Customer 506,South,Kerala,Technology,Accessories,Wireless Mouse,12185.1,5,0.1,830.76
ORD-101942,2023-05-15,CUST-1057,Customer 471,North,Punjab,Office Supplies,Storage,File Box,4024.41,3,0.1,367.44
ORD-101943,2024-11-26,CUST-1192,Customer 301,North,Haryana,Furniture,Bookcases,Oak Bookcase,45919.33,4,0.15,6548.82
ORD-101944,2024-03-24,CUST-1026,Customer 21,South,Karnataka,Technology,Accessories,Mechanical Keyboard,15322.63,3,0.05,1622.77
ORD-101945,2024-04-08,CUST-1626,Customer 179,East,West Bengal,Office Supplies,Binders,Lever Arch File,422.66,1,0.05,77.82
ORD-101946,2024-12-15,CUST-1135,Customer 196,East,Jharkhand,Furniture,Bookcases,Corner Shelf,7215.57,1,0.15,1323.01
ORD-101947,2025-09-05,CUST-1468,Customer 120,North,Punjab,Technology,Phones,SmartOne 12,30855.19,1,0.25,1769.99
ORD-101948,2023-02-20,CUST-1143,Customer 611,West,Maharashtra,Office Supplies,Paper,Premium Paper,885.27,1,0.0,148.58
ORD-101949,2024-09-27,CUST-1316,Customer 650,South,Andhra Pradesh,Office Supplies,Paper,Premium Paper,3377.45,4,0.1,301.76
ORD-101950,2025-05-07,CUST-1622,Customer 377,North,Uttar Pradesh,Technology,Accessories,USB-C Hub,9972.64,4,0.2,783.85
ORD-101951,2024-02-09,CUST-1088,Customer 356,East,Odisha,Furniture,Chairs,Visitor Chair,26367.46,3,0.0,6465.52
ORD-101952,2024-07-02,CUST-1574,Customer 91,West,Maharashtra,Furniture,Chairs,Ergo Chair,8168.77,2,0.15,1384.3
ORD-101953,2024-05-15,CUST-1330,Customer 511,East,Jharkhand,Technology,Accessories,USB-C Hub,1548.63,2,0.15,222.05
ORD-101954,2025-10-05,CUST-1012,Customer 416,East,Jharkhand,Technology,Accessories,Wireless Mouse,3406.67,1,0.0,539.24
ORD-101955,2023-11-16,CUST-1170,Customer 572,North,Haryana,Office Supplies,Paper,A4 Paper Pack,764.98,3,0.1,163.37
ORD-101956,2025-09-28,CUST-1327,Customer 502,West,Maharashtra,Furniture,Chairs,Visitor Chair,10479.34,2,0.05,2174.86
ORD-101957,2024-10-23,CUST-1323,Customer 100,West,Rajasthan,Technology,Accessories,USB-C Hub,893.08,1,0.0,235.1
ORD-101958,2024-08-12,CUST-1352,Customer 456,South,Kerala,Technology,Laptops,NotePro 16,67403.26,1,0.05,15823.59
ORD-101959,2024-03-15,CUST-1633,Customer 618,West,Maharashtra,Technology,Laptops,ProBook 15,240533.26,5,0.0,64269.9
ORD-101960,2024-06-23,CUST-1070,Customer 409,North,Delhi,Furniture,Bookcases,Storage Cabinet,10374.35,2,0.25,2152.31
ORD-101961,2025-04-06,CUST-1000,Customer 272,East,Odisha,Office Supplies,Storage,Drawer Organizer,7080.1,3,0.05,1116.77
ORD-101962,2024-01-19,CUST-1596,Customer 271,South,Tamil Nadu,Furniture,Tables,Office Desk,22498.83,1,0.2,1944.07
ORD-101963,2025-04-15,CUST-1270,Customer 149,South,Karnataka,Furniture,Bookcases,Storage Cabinet,9578.13,2,0.05,2608.61
ORD-101964,2024-03-04,CUST-1362,Customer 139,South,Karnataka,Furniture,Chairs,Mesh Chair,12168.71,3,0.1,638.5
ORD-101965,2024-08-10,CUST-1150,Customer 285,East,Odisha,Technology,Accessories,Wireless Mouse,4646.91,1,0.2,919.36
ORD-101966,2025-10-25,CUST-1238,Customer 257,West,Maharashtra,Furniture,Chairs,Visitor Chair,27955.61,3,0.1,7369.86
ORD-101967,2025-09-30,CUST-1107,Customer 405,West,Goa,Office Supplies,Binders,Presentation Binder,357.66,2,0.05,84.45
ORD-101968,2025-08-30,CUST-1294,Customer 357,South,Karnataka,Office Supplies,Storage,Drawer Organizer,3336.86,2,0.25,-16.31
ORD-101969,2023-12-25,CUST-1564,Customer 2,West,Gujarat,Furniture,Bookcases,Corner Shelf,15378.29,1,0.05,3821.76
ORD-101970,2023-06-05,CUST-1238,Customer 205,North,Haryana,Technology,Accessories,Webcam HD,3394.56,1,0.1,840.09
ORD-101971,2024-01-30,CUST-1165,Customer 66,North,Punjab,Office Supplies,Storage,Storage Bin,7838.66,4,0.15,1157.03
ORD-101972,2024-05-15,CUST-1251,Customer 260,North,Delhi,Office Supplies,Storage,File Box,1616.92,1,0.0,422.47
ORD-101973,2025-07-01,CUST-1376,Customer 384,East,Jharkhand,Office Supplies,Binders,Lever Arch File,667.78,1,0.15,176.27
ORD-101974,2023-10-26,CUST-1542,Customer 1,North,Haryana,Furniture,Tables,Study Table,138475.83,5,0.0,20465.56
ORD-101975,2024-08-15,CUST-1300,Customer 79,East,Bihar,Office Supplies,Binders,Lever Arch File,459.21,1,0.2,17.69
ORD-101976,2024-07-14,CUST-1344,Customer 78,North,Uttar Pradesh,Furniture,Tables,Study Table,113035.23,4,0.05,6154.81
ORD-101977,2025-08-06,CUST-1546,Customer 258,North,Punjab,Furniture,Chairs,Mesh Chair,8890.48,4,0.15,2214.73
ORD-101978,2024-07-18,CUST-1160,Customer 235,West,Rajasthan,Technology,Accessories,Webcam HD,16844.08,4,0.05,4553.83
ORD-101979,2024-04-26,CUST-1481,Customer 391,South,Karnataka,Office Supplies,Binders,Lever Arch File,1782.52,2,0.0,454.97
ORD-101980,2023-06-27,CUST-1167,Customer 410,West,Rajasthan,Office Supplies,Storage,Storage Bin,978.98,1,0.2,68.63
ORD-101981,2023-05-19,CUST-1033,Customer 250,South,Andhra Pradesh,Technology,Laptops,WorkMate 13,84273.33,1,0.1,12336.02
ORD-101982,2023-08-17,CUST-1416,Customer 542,East,Bihar,Technology,Phones,Galaxy Max,117143.02,3,0.0,21920.02
ORD-101983,2024-01-18,CUST-1177,Customer 240,East,Odisha,Furniture,Bookcases,Storage Cabinet,8635.37,1,0.0,703.57
ORD-101984,2024-07-11,CUST-1142,Customer 169,East,Bihar,Technology,Accessories,Wireless Mouse,2974.91,1,0.1,354.9
ORD-101985,2023-01-09,CUST-1235,Customer 198,West,Maharashtra,Furniture,Tables,Office Desk,27659.72,1,0.05,2497.83
ORD-101986,2024-11-26,CUST-1188,Customer 525,West,Rajasthan,Technology,Laptops,ProBook 15,61859.44,2,0.25,12067.59
ORD-101987,2025-02-26,CUST-1495,Customer 197,West,Maharashtra,Office Supplies,Storage,Storage Bin,1049.68,1,0.0,172.01
ORD-101988,2024-03-15,CUST-1223,Customer 185,West,Maharashtra,Office Supplies,Storage,Drawer Organizer,6311.88,3,0.15,1438.68
ORD-101989,2025-06-09,CUST-1511,Customer 595,North,Haryana,Office Supplies,Storage,Drawer Organizer,4980.77,3,0.15,1313.8
ORD-101990,2024-05-04,CUST-1610,Customer 330,South,Karnataka,Technology,Phones,Pixel Edge,125821.46,4,0.15,15019.39
ORD-101991,2024-02-02,CUST-1609,Customer 66,West,Maharashtra,Technology,Laptops,WorkMate 13,175135.59,2,0.1,46305.76
ORD-101992,2024-03-23,CUST-1302,Customer 536,North,Delhi,Technology,Laptops,UltraBook 14,97877.11,1,0.0,7203.15
ORD-101993,2023-01-15,CUST-1148,Customer 21,South,Andhra Pradesh,Technology,Phones,Galaxy Max,104104.44,2,0.15,6679.83
ORD-101994,2023-09-10,CUST-1329,Customer 154,North,Haryana,Technology,Accessories,USB-C Hub,13397.09,4,0.2,600.92
ORD-101995,2025-09-11,CUST-1626,Customer 10,East,Jharkhand,Technology,Accessories,USB-C Hub,1332.81,2,0.15,177.18
ORD-101996,2025-05-06,CUST-1419,Customer 417,East,Jharkhand,Technology,Phones,ProPhone X,136671.22,3,0.1,27304.61
ORD-101997,2023-02-19,CUST-1027,Customer 458,South,Andhra Pradesh,Furniture,Chairs,Visitor Chair,9486.33,2,0.1,2185.46
ORD-101998,2023-10-15,CUST-1052,Customer 198,East,Bihar,Technology,Accessories,USB-C Hub,1466.52,1,0.1,366.4
ORD-101999,2025-03-20,CUST-1172,Customer 292,South,Karnataka,Technology,Laptops,UltraBook 14,205132.29,3,0.15,31968.21
ORD-102000,2023-06-29,CUST-1262,Customer 249,East,Jharkhand,Furniture,Tables,Meeting Table,89259.95,3,0.0,7413.9
ORD-102001,2025-02-26,CUST-1236,Customer 612,South,Karnataka,Technology,Phones,SmartOne 12,21618.85,1,0.05,2729.07
ORD-102002,2024-05-07,CUST-1066,Customer 229,South,Andhra Pradesh,Furniture,Bookcases,Steel Shelf,78001.6,4,0.0,12604.9
ORD-102003,2025-10-23,CUST-1613,Customer 476,West,Maharashtra,Office Supplies,Binders,Presentation Binder,721.17,1,0.05,68.5
ORD-102004,2025-03-28,CUST-1511,Customer 161,North,Punjab,Furniture,Chairs,Executive Chair,18137.92,3,0.1,2639.74
ORD-102005,2023-08-16,CUST-1501,Customer 228,South,Tamil Nadu,Furniture,Chairs,Ergo Chair,2412.3,1,0.15,659.23
ORD-102006,2025-06-14,CUST-1165,Customer 362,North,Delhi,Furniture,Bookcases,Steel Shelf,29679.91,2,0.05,4255.51
ORD-102007,2025-05-06,CUST-1082,Customer 452,South,Tamil Nadu,Technology,Phones,Pixel Edge,45313.0,2,0.25,5479.71
ORD-102008,2025-03-27,CUST-1519,Customer 427,West,Gujarat,Technology,Laptops,UltraBook 14,81019.65,1,0.1,9068.69
ORD-102009,2024-03-21,CUST-1265,Customer 3,West,Rajasthan,Technology,Phones,ProPhone X,105649.35,3,0.1,13028.43
ORD-102010,2023-05-12,CUST-1340,Customer 95,North,Uttar Pradesh,Technology,Phones,SmartOne 12,36187.72,2,0.1,6752.81
ORD-102011,2023-02-07,CUST-1413,Customer 277,South,Kerala,Furniture,Bookcases,Steel Shelf,13013.6,2,0.15,3537.4
ORD-102012,2024-05-14,CUST-1044,Customer 396,North,Punjab,Furniture,Tables,Study Table,24361.48,4,0.2,722.31
ORD-102013,2023-12-03,CUST-1015,Customer 140,East,Bihar,Office Supplies,Paper,A4 Paper Pack,761.01,3,0.15,78.75
ORD-102014,2024-06-07,CUST-1030,Customer 67,West,Goa,Office Supplies,Binders,Ring Binder,769.08,2,0.2,135.25
ORD-102015,2024-02-14,CUST-1232,Customer 407,North,Uttar Pradesh,Office Supplies,Paper,Color Paper,1646.08,2,0.0,386.49
ORD-102016,2024-07-02,CUST-1108,Customer 597,West,Maharashtra,Technology,Phones,ProPhone X,46988.75,1,0.15,3456.5
ORD-102017,2025-01-01,CUST-1580,Customer 413,North,Punjab,Technology,Accessories,Wireless Mouse,4524.6,1,0.2,537.92
ORD-102018,2025-07-30,CUST-1441,Customer 108,East,Odisha,Furniture,Tables,Compact Desk,55523.43,2,0.0,5534.07
ORD-102019,2024-09-07,CUST-1273,Customer 279,West,Maharashtra,Technology,Phones,Pixel Edge,164139.58,4,0.0,10793.09
ORD-102020,2024-11-26,CUST-1371,Customer 539,South,Tamil Nadu,Office Supplies,Paper,Premium Paper,3616.59,4,0.2,664.19
ORD-102021,2023-11-27,CUST-1205,Customer 57,East,West Bengal,Technology,Phones,SmartOne 12,69340.9,2,0.15,7738.96
ORD-102022,2025-04-17,CUST-1483,Customer 608,West,Gujarat,Furniture,Tables,Meeting Table,73589.63,4,0.1,7727.36
ORD-102023,2024-11-29,CUST-1005,Customer 228,East,Bihar,Technology,Accessories,USB-C Hub,7653.4,2,0.1,1784.43
ORD-102024,2023-06-15,CUST-1051,Customer 453,West,Rajasthan,Furniture,Chairs,Ergo Chair,2143.3,1,0.2,473.43
ORD-102025,2024-08-31,CUST-1508,Customer 433,North,Haryana,Office Supplies,Binders,Ring Binder,1163.72,2,0.15,89.69
ORD-102026,2024-03-15,CUST-1351,Customer 150,East,Jharkhand,Technology,Accessories,Webcam HD,14835.5,5,0.1,4109.07
ORD-102027,2025-11-25,CUST-1094,Customer 601,South,Andhra Pradesh,Office Supplies,Storage,File Box,3348.28,3,0.05,236.5
ORD-102028,2023-05-28,CUST-1076,Customer 591,North,Delhi,Technology,Laptops,ProBook 15,33609.48,1,0.1,9147.75
ORD-102029,2023-03-15,CUST-1599,Customer 468,North,Haryana,Technology,Accessories,Webcam HD,7075.52,2,0.15,742.0
ORD-102030,2025-06-16,CUST-1131,Customer 459,East,Bihar,Furniture,Bookcases,Oak Bookcase,55469.21,3,0.0,6904.07
ORD-102031,2025-01-31,CUST-1153,Customer 206,East,West Bengal,Technology,Laptops,NotePro 16,278758.73,4,0.15,28518.04
ORD-102032,2023-12-06,CUST-1573,Customer 175,West,Rajasthan,Office Supplies,Binders,Presentation Binder,540.62,1,0.1,105.06
ORD-102033,2024-10-31,CUST-1194,Customer 422,West,Rajasthan,Office Supplies,Binders,Ring Binder,988.1,2,0.15,165.47
ORD-102034,2023-09-04,CUST-1262,Customer 193,North,Haryana,Technology,Accessories,Wireless Mouse,17930.2,3,0.0,2630.6
ORD-102035,2023-01-06,CUST-1314,Customer 41,North,Haryana,Technology,Phones,ProPhone X,72607.19,2,0.05,7520.09
ORD-102036,2023-06-12,CUST-1174,Customer 320,North,Delhi,Technology,Phones,Galaxy Max,48472.55,2,0.2,1398.2
ORD-102037,2025-12-07,CUST-1462,Customer 578,North,Uttar Pradesh,Office Supplies,Storage,File Box,6513.29,4,0.1,939.13
ORD-102038,2024-10-04,CUST-1138,Customer 10,East,Jharkhand,Technology,Phones,SmartOne 12,45541.67,2,0.15,10818.07
ORD-102039,2024-04-19,CUST-1279,Customer 480,East,Bihar,Technology,Laptops,ProBook 15,95383.02,1,0.0,9765.73
ORD-102040,2025-05-15,CUST-1233,Customer 117,East,West Bengal,Office Supplies,Paper,Color Paper,1995.51,3,0.15,555.71
ORD-102041,2024-10-28,CUST-1022,Customer 123,North,Uttar Pradesh,Technology,Accessories,Wireless Mouse,10284.45,2,0.05,850.22
ORD-102042,2023-09-11,CUST-1120,Customer 232,East,Bihar,Office Supplies,Storage,File Box,7599.89,4,0.1,499.77
ORD-102043,2024-08-13,CUST-1552,Customer 566,East,West Bengal,Technology,Laptops,ProBook 15,206783.01,3,0.05,24253.64
ORD-102044,2024-12-29,CUST-1051,Customer 408,East,West Bengal,Office Supplies,Binders,Ring Binder,784.1,1,0.1,43.45
ORD-102045,2025-10-23,CUST-1440,Customer 151,North,Haryana,Furniture,Bookcases,Storage Cabinet,38824.64,3,0.0,10010.69
ORD-102046,2023-02-22,CUST-1329,Customer 317,North,Delhi,Furniture,Bookcases,Oak Bookcase,15062.67,1,0.05,2386.95
ORD-102047,2024-02-07,CUST-1290,Customer 175,West,Rajasthan,Furniture,Chairs,Mesh Chair,23908.55,2,0.1,6393.02
ORD-102048,2023-09-07,CUST-1093,Customer 27,North,Haryana,Furniture,Tables,Study Table,57239.89,4,0.15,8787.16
ORD-102049,2024-07-03,CUST-1234,Customer 516,East,Bihar,Office Supplies,Binders,Lever Arch File,269.9,1,0.0,71.76
ORD-102050,2025-02-08,CUST-1031,Customer 584,West,Goa,Technology,Accessories,Mechanical Keyboard,9595.99,3,0.0,1941.83
ORD-102051,2025-10-09,CUST-1255,Customer 40,North,Delhi,Office Supplies,Storage,Storage Bin,1820.74,1,0.0,225.77
ORD-102052,2025-11-04,CUST-1173,Customer 233,West,Rajasthan,Furniture,Chairs,Executive Chair,14143.31,2,0.2,1460.93
ORD-102053,2023-01-25,CUST-1312,Customer 169,South,Tamil Nadu,Office Supplies,Storage,File Box,1229.79,1,0.1,145.46
ORD-102054,2025-03-20,CUST-1047,Customer 575,North,Delhi,Technology,Laptops,ProBook 15,134152.05,2,0.1,13229.1
ORD-102055,2024-04-18,CUST-1618,Customer 95,East,West Bengal,Furniture,Bookcases,Storage Cabinet,13026.17,1,0.1,1909.41
ORD-102056,2024-09-28,CUST-1469,Customer 102,South,Karnataka,Technology,Phones,SmartOne 12,103034.16,5,0.0,12173.65
ORD-102057,2025-07-26,CUST-1470,Customer 648,East,Bihar,Office Supplies,Paper,Premium Paper,1324.89,2,0.2,320.45
ORD-102058,2024-02-11,CUST-1247,Customer 274,North,Uttar Pradesh,Office Supplies,Binders,Presentation Binder,261.72,1,0.0,34.47
ORD-102059,2025-07-10,CUST-1024,Customer 61,East,Jharkhand,Technology,Accessories,Webcam HD,7927.76,2,0.15,2043.27
ORD-102060,2023-04-16,CUST-1030,Customer 547,East,Bihar,Office Supplies,Storage,File Box,1537.98,2,0.15,300.63
ORD-102061,2024-10-06,CUST-1419,Customer 515,East,Jharkhand,Furniture,Chairs,Visitor Chair,15668.32,2,0.15,3945.33
ORD-102062,2025-03-04,CUST-1006,Customer 446,West,Gujarat,Technology,Laptops,WorkMate 13,35076.09,1,0.1,6016.82
ORD-102063,2023-11-27,CUST-1078,Customer 193,South,Andhra Pradesh,Technology,Laptops,UltraBook 14,163757.59,2,0.2,39843.47
ORD-102064,2025-05-11,CUST-1343,Customer 523,South,Tamil Nadu,Office Supplies,Binders,Presentation Binder,1566.77,2,0.1,164.83
ORD-102065,2025-07-26,CUST-1023,Customer 70,East,West Bengal,Office Supplies,Paper,Color Paper,1019.01,3,0.0,211.07
ORD-102066,2025-03-01,CUST-1141,Customer 46,North,Uttar Pradesh,Technology,Laptops,WorkMate 13,151537.41,2,0.0,9462.03
ORD-102067,2024-11-12,CUST-1335,Customer 377,South,Kerala,Technology,Laptops,UltraBook 14,110220.97,2,0.1,23636.05
ORD-102068,2023-03-14,CUST-1244,Customer 270,North,Punjab,Office Supplies,Storage,Drawer Organizer,938.8,2,0.15,241.63
ORD-102069,2024-10-01,CUST-1011,Customer 259,West,Rajasthan,Office Supplies,Storage,File Box,2673.59,3,0.05,656.84
ORD-102070,2023-07-06,CUST-1033,Customer 517,West,Rajasthan,Technology,Phones,SmartOne 12,68323.82,2,0.0,18914.52
ORD-102071,2025-01-15,CUST-1283,Customer 590,West,Gujarat,Technology,Phones,Galaxy Max,55479.35,1,0.1,3824.64
ORD-102072,2025-10-17,CUST-1053,Customer 379,North,Haryana,Technology,Phones,Galaxy Max,59875.97,2,0.15,15019.75
ORD-102073,2025-01-17,CUST-1517,Customer 78,East,Jharkhand,Office Supplies,Storage,File Box,699.18,1,0.2,165.0
ORD-102074,2025-06-27,CUST-1006,Customer 580,South,Karnataka,Technology,Laptops,NotePro 16,226241.99,3,0.0,52291.85
ORD-102075,2025-01-11,CUST-1311,Customer 223,South,Karnataka,Technology,Accessories,Webcam HD,1512.97,3,0.1,314.73
ORD-102076,2023-07-25,CUST-1107,Customer 109,North,Delhi,Office Supplies,Paper,Premium Paper,1438.23,2,0.25,178.57
ORD-102077,2023-04-30,CUST-1507,Customer 80,South,Kerala,Technology,Phones,ProPhone X,50038.48,2,0.0,12481.6
ORD-102078,2023-01-26,CUST-1529,Customer 224,East,Odisha,Furniture,Tables,Meeting Table,13907.25,1,0.15,923.45
ORD-102079,2024-08-02,CUST-1011,Customer 309,South,Andhra Pradesh,Furniture,Chairs,Executive Chair,15126.72,2,0.15,3847.77
ORD-102080,2023-01-13,CUST-1338,Customer 599,South,Tamil Nadu,Furniture,Tables,Office Desk,45253.74,5,0.2,5079.51
ORD-102081,2023-04-13,CUST-1494,Customer 321,East,Bihar,Furniture,Chairs,Visitor Chair,33562.02,3,0.1,3139.03
ORD-102082,2023-09-02,CUST-1325,Customer 543,East,Bihar,Technology,Phones,Pixel Edge,176653.62,4,0.1,29752.79
ORD-102083,2023-01-15,CUST-1221,Customer 536,South,Andhra Pradesh,Technology,Phones,SmartOne 12,193256.96,4,0.1,41444.86
ORD-102084,2023-04-22,CUST-1355,Customer 468,West,Goa,Technology,Laptops,ProBook 15,131100.39,2,0.15,15708.13
ORD-102085,2024-09-23,CUST-1500,Customer 105,South,Karnataka,Office Supplies,Paper,Premium Paper,733.08,1,0.05,107.96
ORD-102086,2024-08-11,CUST-1298,Customer 290,East,West Bengal,Technology,Accessories,Webcam HD,4489.74,2,0.05,552.51
ORD-102087,2024-02-17,CUST-1559,Customer 333,West,Maharashtra,Office Supplies,Binders,Ring Binder,1948.63,3,0.1,495.58
ORD-102088,2025-12-28,CUST-1533,Customer 48,South,Kerala,Office Supplies,Storage,Storage Bin,1262.08,1,0.0,275.98
ORD-102089,2025-03-12,CUST-1313,Customer 354,South,Andhra Pradesh,Technology,Laptops,UltraBook 14,51952.43,1,0.15,9750.91
ORD-102090,2024-08-23,CUST-1351,Customer 305,South,Andhra Pradesh,Office Supplies,Binders,Presentation Binder,243.81,1,0.15,39.45
ORD-102091,2023-02-25,CUST-1438,Customer 78,South,Andhra Pradesh,Technology,Phones,ProPhone X,87734.67,2,0.1,5689.25
ORD-102092,2023-08-13,CUST-1322,Customer 65,East,Jharkhand,Office Supplies,Binders,Ring Binder,596.41,1,0.05,96.48
ORD-102093,2025-01-03,CUST-1252,Customer 11,North,Punjab,Technology,Accessories,Mechanical Keyboard,1571.28,1,0.05,434.07
ORD-102094,2023-11-04,CUST-1546,Customer 486,North,Delhi,Technology,Accessories,Webcam HD,2347.37,1,0.15,571.2
ORD-102095,2025-08-07,CUST-1332,Customer 613,East,Jharkhand,Office Supplies,Paper,Premium Paper,3591.83,4,0.0,761.13
ORD-102096,2025-08-21,CUST-1090,Customer 530,South,Tamil Nadu,Furniture,Bookcases,Steel Shelf,24365.15,3,0.2,1083.09
ORD-102097,2025-09-07,CUST-1190,Customer 346,North,Haryana,Office Supplies,Binders,Presentation Binder,605.26,3,0.15,99.71
ORD-102098,2025-02-04,CUST-1373,Customer 331,West,Goa,Technology,Phones,Pixel Edge,69071.03,2,0.15,16897.69
ORD-102099,2023-12-06,CUST-1530,Customer 491,West,Maharashtra,Technology,Accessories,USB-C Hub,17345.01,4,0.0,1446.19
ORD-102100,2023-08-12,CUST-1497,Customer 419,North,Haryana,Furniture,Tables,Office Desk,34710.02,2,0.2,7332.05
ORD-102101,2024-03-17,CUST-1111,Customer 482,East,West Bengal,Furniture,Bookcases,Storage Cabinet,39551.88,4,0.2,991.27
ORD-102102,2023-11-27,CUST-1209,Customer 532,South,Kerala,Furniture,Bookcases,Corner Shelf,51460.37,3,0.05,2609.47
ORD-102103,2023-09-22,CUST-1247,Customer 597,South,Kerala,Office Supplies,Storage,File Box,6526.95,5,0.1,1691.71
ORD-102104,2023-09-12,CUST-1312,Customer 377,East,Bihar,Technology,Accessories,USB-C Hub,3623.76,1,0.05,435.71
ORD-102105,2023-04-25,CUST-1626,Customer 621,North,Punjab,Office Supplies,Binders,Lever Arch File,1470.26,3,0.15,373.15
ORD-102106,2024-03-23,CUST-1381,Customer 506,North,Haryana,Technology,Accessories,Webcam HD,13058.68,3,0.15,2771.56
ORD-102107,2024-08-03,CUST-1082,Customer 369,East,Odisha,Technology,Phones,ProPhone X,114530.73,3,0.0,12474.78
ORD-102108,2023-12-19,CUST-1564,Customer 422,South,Kerala,Technology,Phones,Galaxy Max,45906.2,2,0.2,5225.45
ORD-102109,2025-11-10,CUST-1418,Customer 50,South,Karnataka,Office Supplies,Paper,A4 Paper Pack,412.25,2,0.1,25.09
ORD-102110,2023-01-10,CUST-1419,Customer 298,West,Goa,Technology,Phones,Galaxy Max,41285.92,1,0.05,7562.9
ORD-102111,2023-09-18,CUST-1206,Customer 89,South,Andhra Pradesh,Technology,Accessories,Wireless Mouse,10617.4,4,0.15,1203.41
ORD-102112,2023-02-20,CUST-1119,Customer 260,North,Uttar Pradesh,Furniture,Bookcases,Oak Bookcase,7948.48,1,0.05,1399.97
ORD-102113,2025-08-03,CUST-1154,Customer 409,West,Rajasthan,Office Supplies,Storage,Drawer Organizer,2957.2,4,0.25,202.03
ORD-102114,2025-05-08,CUST-1570,Customer 104,East,Jharkhand,Office Supplies,Paper,A4 Paper Pack,954.87,3,0.1,158.78
ORD-102115,2024-04-28,CUST-1016,Customer 594,East,Bihar,Technology,Phones,Pixel Edge,120249.78,2,0.05,6175.6
ORD-102116,2025-03-08,CUST-1376,Customer 101,North,Delhi,Office Supplies,Paper,A4 Paper Pack,1551.16,3,0.15,357.34
ORD-102117,2025-03-21,CUST-1408,Customer 421,West,Goa,Office Supplies,Storage,Drawer Organizer,3157.63,3,0.1,786.57
ORD-102118,2025-06-10,CUST-1327,Customer 130,South,Karnataka,Technology,Accessories,USB-C Hub,2121.58,3,0.0,454.34
ORD-102119,2023-02-16,CUST-1075,Customer 397,West,Maharashtra,Technology,Phones,Galaxy Max,156266.34,3,0.1,42410.85
ORD-102120,2023-09-26,CUST-1291,Customer 492,South,Tamil Nadu,Office Supplies,Paper,A4 Paper Pack,2648.99,4,0.2,296.34
ORD-102121,2024-03-02,CUST-1617,Customer 555,East,Odisha,Furniture,Tables,Office Desk,109302.54,5,0.1,6400.31
ORD-102122,2025-09-06,CUST-1191,Customer 198,South,Kerala,Technology,Accessories,Webcam HD,5857.84,3,0.1,711.94
ORD-102123,2024-03-27,CUST-1200,Customer 277,North,Punjab,Furniture,Tables,Study Table,17995.18,3,0.05,4426.34
ORD-102124,2024-08-13,CUST-1019,Customer 408,East,West Bengal,Office Supplies,Storage,Storage Bin,3590.38,2,0.15,327.05
ORD-102125,2024-04-22,CUST-1610,Customer 194,West,Rajasthan,Technology,Accessories,Wireless Mouse,8050.77,2,0.05,1284.36
ORD-102126,2025-06-09,CUST-1486,Customer 412,South,Karnataka,Office Supplies,Storage,Drawer Organizer,4146.06,4,0.25,17.57
ORD-102127,2025-09-21,CUST-1371,Customer 418,South,Kerala,Technology,Accessories,Wireless Mouse,10463.69,2,0.0,2357.56
ORD-102128,2023-02-01,CUST-1281,Customer 363,East,West Bengal,Technology,Phones,Pixel Edge,41243.37,1,0.05,3303.01
ORD-102129,2025-12-23,CUST-1401,Customer 370,South,Tamil Nadu,Office Supplies,Paper,A4 Paper Pack,2785.9,3,0.0,253.62
ORD-102130,2025-02-15,CUST-1181,Customer 48,West,Gujarat,Office Supplies,Binders,Presentation Binder,1523.03,2,0.0,236.61
ORD-102131,2025-11-25,CUST-1437,Customer 284,North,Haryana,Technology,Accessories,Mechanical Keyboard,7439.93,3,0.05,1701.65
ORD-102132,2025-02-02,CUST-1608,Customer 54,North,Haryana,Office Supplies,Paper,Premium Paper,1281.72,2,0.05,296.64
ORD-102133,2025-08-12,CUST-1519,Customer 293,West,Maharashtra,Technology,Accessories,Webcam HD,3424.69,3,0.1,884.79
ORD-102134,2025-11-23,CUST-1358,Customer 572,West,Goa,Technology,Phones,Pixel Edge,114556.42,2,0.0,11714.87
ORD-102135,2025-12-11,CUST-1586,Customer 133,West,Maharashtra,Furniture,Chairs,Mesh Chair,46971.52,4,0.1,8876.69
ORD-102136,2024-04-05,CUST-1430,Customer 101,East,West Bengal,Technology,Phones,Pixel Edge,119148.83,4,0.0,6158.59
ORD-102137,2025-11-24,CUST-1093,Customer 123,West,Rajasthan,Technology,Laptops,WorkMate 13,85810.64,1,0.1,19543.36
ORD-102138,2023-10-19,CUST-1573,Customer 557,East,Jharkhand,Furniture,Tables,Meeting Table,61700.48,3,0.1,16418.62
ORD-102139,2024-09-21,CUST-1081,Customer 110,West,Maharashtra,Technology,Phones,SmartOne 12,44736.03,1,0.15,8028.76
ORD-102140,2024-09-14,CUST-1379,Customer 111,West,Gujarat,Furniture,Tables,Study Table,4743.14,1,0.15,868.13
ORD-102141,2025-09-04,CUST-1401,Customer 5,North,Punjab,Technology,Phones,Pixel Edge,62035.04,3,0.0,14271.88
ORD-102142,2025-12-30,CUST-1553,Customer 558,South,Tamil Nadu,Furniture,Chairs,Ergo Chair,11936.19,1,0.25,2515.85
ORD-102143,2025-03-23,CUST-1210,Customer 264,East,Jharkhand,Technology,Accessories,Wireless Mouse,6311.24,3,0.0,629.26
ORD-102144,2024-10-19,CUST-1230,Customer 25,North,Haryana,Technology,Phones,SmartOne 12,31260.66,1,0.05,4791.81
ORD-102145,2024-08-31,CUST-1134,Customer 314,West,Goa,Technology,Phones,Pixel Edge,106903.59,4,0.1,19258.83
ORD-102146,2024-09-07,CUST-1369,Customer 141,South,Kerala,Office Supplies,Storage,Drawer Organizer,2155.89,1,0.1,566.8
ORD-102147,2024-06-21,CUST-1115,Customer 267,North,Uttar Pradesh,Office Supplies,Paper,A4 Paper Pack,903.29,2,0.05,228.53
ORD-102148,2025-02-23,CUST-1050,Customer 460,South,Andhra Pradesh,Furniture,Bookcases,Corner Shelf,14147.17,4,0.0,871.89
ORD-102149,2025-03-10,CUST-1207,Customer 533,West,Gujarat,Office Supplies,Paper,Color Paper,1647.33,5,0.1,372.3
ORD-102150,2025-01-26,CUST-1229,Customer 24,East,West Bengal,Technology,Accessories,Webcam HD,1650.34,1,0.1,141.17
ORD-102151,2024-04-15,CUST-1129,Customer 591,East,West Bengal,Technology,Accessories,Wireless Mouse,1944.91,1,0.05,354.1
ORD-102152,2023-06-17,CUST-1611,Customer 313,South,Kerala,Office Supplies,Storage,Drawer Organizer,2539.29,2,0.0,645.17
ORD-102153,2025-10-23,CUST-1621,Customer 203,South,Karnataka,Technology,Phones,SmartOne 12,33967.12,2,0.15,2700.8
ORD-102154,2023-07-03,CUST-1321,Customer 106,West,Goa,Office Supplies,Paper,Premium Paper,1479.51,2,0.1,171.39
ORD-102155,2024-03-29,CUST-1556,Customer 289,West,Gujarat,Technology,Laptops,NotePro 16,60112.63,1,0.1,4840.69
ORD-102156,2024-07-04,CUST-1369,Customer 48,East,Jharkhand,Office Supplies,Storage,File Box,5048.26,3,0.05,258.29
ORD-102157,2024-11-28,CUST-1159,Customer 531,East,Jharkhand,Furniture,Chairs,Mesh Chair,11401.46,1,0.05,2441.06
ORD-102158,2023-01-08,CUST-1423,Customer 539,South,Kerala,Technology,Accessories,Mechanical Keyboard,2249.78,2,0.05,246.18
ORD-102159,2024-05-14,CUST-1594,Customer 373,West,Maharashtra,Technology,Accessories,Webcam HD,7462.12,3,0.05,780.34
ORD-102160,2025-03-17,CUST-1414,Customer 410,East,Odisha,Technology,Phones,SmartOne 12,65576.88,2,0.0,17714.68
ORD-102161,2024-01-08,CUST-1462,Customer 135,East,Jharkhand,Office Supplies,Binders,Presentation Binder,713.18,1,0.05,55.5
ORD-102162,2024-02-12,CUST-1014,Customer 137,North,Delhi,Furniture,Tables,Meeting Table,4101.16,1,0.15,901.88
ORD-102163,2023-05-13,CUST-1495,Customer 367,West,Goa,Furniture,Tables,Meeting Table,15562.86,1,0.15,3536.03
ORD-102164,2025-09-07,CUST-1218,Customer 112,East,West Bengal,Furniture,Bookcases,Steel Shelf,34046.66,2,0.05,1792.75
ORD-102165,2023-01-12,CUST-1607,Customer 113,North,Haryana,Furniture,Tables,Office Desk,11067.39,1,0.05,800.62
ORD-102166,2023-10-16,CUST-1545,Customer 484,West,Gujarat,Technology,Accessories,Webcam HD,2554.91,1,0.05,659.07
ORD-102167,2025-10-22,CUST-1086,Customer 120,South,Tamil Nadu,Furniture,Chairs,Ergo Chair,4498.01,1,0.15,950.41
ORD-102168,2024-10-19,CUST-1407,Customer 101,East,Jharkhand,Furniture,Chairs,Executive Chair,6068.93,2,0.15,1285.27
ORD-102169,2024-02-28,CUST-1520,Customer 127,East,Bihar,Furniture,Chairs,Mesh Chair,17402.36,5,0.1,3675.45
ORD-102170,2025-10-31,CUST-1631,Customer 188,South,Tamil Nadu,Office Supplies,Binders,Presentation Binder,781.24,4,0.0,187.94
ORD-102171,2024-02-15,CUST-1508,Customer 198,East,West Bengal,Technology,Accessories,Wireless Mouse,20363.55,4,0.1,3976.91
ORD-102172,2024-06-05,CUST-1067,Customer 636,West,Gujarat,Office Supplies,Storage,File Box,1693.41,2,0.05,472.8
ORD-102173,2025-07-20,CUST-1054,Customer 555,East,West Bengal,Technology,Accessories,USB-C Hub,11347.8,3,0.15,2226.9
ORD-102174,2023-08-08,CUST-1197,Customer 37,South,Kerala,Technology,Accessories,Mechanical Keyboard,13929.77,3,0.15,1576.53
ORD-102175,2025-07-29,CUST-1177,Customer 254,South,Kerala,Office Supplies,Storage,Drawer Organizer,1233.18,2,0.2,256.33
ORD-102176,2023-04-22,CUST-1494,Customer 76,East,West Bengal,Technology,Accessories,Wireless Mouse,9007.6,3,0.25,217.9
ORD-102177,2023-12-19,CUST-1111,Customer 93,South,Karnataka,Furniture,Chairs,Ergo Chair,11910.47,1,0.05,1387.44
ORD-102178,2024-06-01,CUST-1398,Customer 39,East,Bihar,Office Supplies,Storage,Drawer Organizer,4539.91,3,0.15,777.56
ORD-102179,2025-11-08,CUST-1637,Customer 136,South,Andhra Pradesh,Technology,Phones,Galaxy Max,58128.53,1,0.1,11179.44
ORD-102180,2024-04-17,CUST-1052,Customer 24,West,Gujarat,Technology,Laptops,NotePro 16,43772.18,1,0.15,10442.57
ORD-102181,2023-03-22,CUST-1143,Customer 404,West,Rajasthan,Office Supplies,Paper,Color Paper,2701.04,4,0.15,157.41
ORD-102182,2025-11-27,CUST-1266,Customer 469,East,Odisha,Furniture,Tables,Compact Desk,28740.67,5,0.1,2322.62
ORD-102183,2024-01-22,CUST-1077,Customer 32,West,Maharashtra,Technology,Laptops,UltraBook 14,129740.63,2,0.25,4785.43
ORD-102184,2024-01-03,CUST-1064,Customer 646,East,Bihar,Technology,Accessories,Wireless Mouse,12437.78,4,0.15,2008.25
ORD-102185,2023-08-21,CUST-1479,Customer 622,East,West Bengal,Technology,Accessories,Mechanical Keyboard,3454.62,1,0.2,42.87
ORD-102186,2023-01-05,CUST-1286,,North,Haryana,Furniture,Tables,Meeting Table,82302.86,3,0.0,19987.8
ORD-102187,2025-02-15,CUST-1619,Customer 337,West,Gujarat,Technology,Phones,ProPhone X,57459.08,2,0.15,5221.75
ORD-102188,2024-04-25,CUST-1116,Customer 349,East,Bihar,Furniture,Tables,Study Table,51137.39,3,0.1,7677.54
ORD-102189,2025-07-31,CUST-1025,Customer 92,North,Uttar Pradesh,Technology,Accessories,USB-C Hub,13929.9,3,0.1,2845.67
ORD-102190,2023-09-26,CUST-1143,Customer 513,West,Maharashtra,Technology,Accessories,Wireless Mouse,7612.46,2,0.05,1407.34
ORD-102191,2024-02-02,CUST-1293,Customer 260,North,Punjab,Office Supplies,Binders,Presentation Binder,636.26,2,0.0,99.66
ORD-102192,2025-07-25,CUST-1203,Customer 226,East,West Bengal,Office Supplies,Binders,Lever Arch File,790.85,1,0.0,99.41
ORD-102193,2023-07-13,CUST-1392,Customer 301,North,Uttar Pradesh,Technology,Accessories,Webcam HD,3370.75,2,0.15,728.31
ORD-102194,2023-12-31,CUST-1515,Customer 236,South,Andhra Pradesh,Technology,Laptops,UltraBook 14,427490.0,4,0.0,31943.85
ORD-102195,2023-06-04,CUST-1466,Customer 50,East,Bihar,Technology,Accessories,USB-C Hub,11527.57,3,0.05,2752.02
ORD-102196,2025-12-05,CUST-1568,Customer 14,West,Gujarat,Office Supplies,Paper,Premium Paper,2299.48,3,0.25,91.92
ORD-102197,2025-01-12,CUST-1510,Customer 225,South,Kerala,Furniture,Tables,Study Table,19760.67,2,0.0,5499.46
ORD-102198,2023-09-10,CUST-1576,Customer 413,South,Kerala,Office Supplies,Paper,A4 Paper Pack,799.42,3,0.0,171.76
ORD-102199,2024-09-03,CUST-1150,Customer 491,East,West Bengal,Office Supplies,Paper,Premium Paper,3025.5,5,0.0,384.87
ORD-102200,2023-07-12,CUST-1020,Customer 231,West,Gujarat,Technology,Laptops,UltraBook 14,48222.94,1,0.15,3719.06
ORD-102201,2025-10-19,CUST-1410,Customer 447,North,Uttar Pradesh,Technology,Accessories,USB-C Hub,8411.13,3,0.1,1750.33
ORD-102202,2024-01-23,CUST-1291,Customer 42,North,Uttar Pradesh,Technology,Accessories,USB-C Hub,4365.77,2,0.15,593.66
ORD-102203,2024-01-02,CUST-1038,Customer 156,South,Karnataka,Office Supplies,Paper,Premium Paper,4063.64,5,0.15,1088.99
ORD-102204,2024-02-06,CUST-1013,Customer 146,East,Odisha,Technology,Phones,SmartOne 12,76630.04,3,0.15,17033.92
ORD-102205,2024-06-28,CUST-1642,Customer 45,North,Haryana,Furniture,Chairs,Visitor Chair,11304.16,1,0.0,2690.95
ORD-102206,2023-02-22,CUST-1451,Customer 550,West,Gujarat,Furniture,Tables,Study Table,51803.21,4,0.1,12854.41
ORD-102207,2025-04-13,CUST-1010,Customer 492,East,West Bengal,Technology,Accessories,Wireless Mouse,4058.04,2,0.2,71.53
ORD-102208,2023-07-14,CUST-1054,Customer 429,South,Karnataka,Technology,Accessories,Mechanical Keyboard,8057.84,2,0.05,2186.8
ORD-102209,2025-01-07,CUST-1519,Customer 488,South,Kerala,Office Supplies,Binders,Presentation Binder,2018.49,3,0.05,165.66
ORD-102210,2025-06-28,CUST-1057,Customer 221,West,Goa,Technology,Accessories,Mechanical Keyboard,3828.48,1,0.1,617.83
ORD-102211,2024-08-02,CUST-1647,Customer 471,East,Bihar,Furniture,Tables,Meeting Table,16495.73,3,0.05,2863.9
ORD-102212,2025-08-04,CUST-1416,Customer 159,South,Tamil Nadu,Office Supplies,Paper,A4 Paper Pack,1986.97,2,0.15,359.5
ORD-102213,2023-01-29,CUST-1473,Customer 470,East,Jharkhand,Furniture,Bookcases,Storage Cabinet,37175.17,4,0.15,10302.1
ORD-102214,2025-04-28,CUST-1317,Customer 517,West,Rajasthan,Technology,Accessories,USB-C Hub,8534.28,2,0.2,1483.52
ORD-102215,2025-06-29,CUST-1645,Customer 296,South,Tamil Nadu,Technology,Laptops,WorkMate 13,144330.8,3,0.1,27633.33
ORD-102216,2025-06-05,CUST-1467,Customer 35,West,Rajasthan,Furniture,Bookcases,Storage Cabinet,15167.04,1,0.0,3293.69
ORD-102217,2024-04-09,CUST-1250,Customer 80,North,Delhi,Technology,Laptops,WorkMate 13,93881.18,2,0.2,6416.15
ORD-102218,2025-10-19,CUST-1588,Customer 451,West,Gujarat,Technology,Laptops,ProBook 15,165515.4,3,0.0,40612.77
ORD-102219,2023-03-25,CUST-1163,Customer 132,West,Goa,Office Supplies,Paper,A4 Paper Pack,1548.72,2,0.15,78.19
ORD-102220,2023-07-21,CUST-1451,Customer 451,West,Maharashtra,Technology,Phones,ProPhone X,17750.6,1,0.15,3076.03
ORD-102221,2025-07-02,CUST-1192,Customer 410,North,Punjab,Technology,Laptops,NotePro 16,165494.39,3,0.15,39583.96
ORD-102222,2023-10-03,CUST-1327,Customer 460,South,Karnataka,Technology,Phones,ProPhone X,51997.67,1,0.2,336.89
ORD-102223,2024-10-12,CUST-1558,Customer 21,South,Andhra Pradesh,Office Supplies,Storage,Drawer Organizer,2190.04,1,0.05,217.82
ORD-102224,2025-10-22,CUST-1557,Customer 177,South,Kerala,Technology,Laptops,WorkMate 13,127359.55,2,0.2,17949.67
ORD-102225,2025-09-23,CUST-1254,Customer 526,West,Rajasthan,Furniture,Bookcases,Storage Cabinet,44129.14,3,0.0,10314.48
ORD-102226,2023-10-03,CUST-1632,Customer 382,North,Punjab,Technology,Phones,SmartOne 12,37666.13,1,0.1,3226.02
ORD-102227,2025-09-02,CUST-1157,Customer 161,North,Haryana,Office Supplies,Binders,Presentation Binder,655.05,1,0.2,72.48
ORD-102228,2024-01-15,CUST-1356,Customer 631,North,Punjab,Furniture,Bookcases,Steel Shelf,5178.25,1,0.0,477.63
ORD-102229,2023-12-19,CUST-1206,Customer 79,South,Kerala,Technology,Accessories,Webcam HD,8248.52,4,0.0,1980.46
ORD-102230,2024-12-22,CUST-1590,Customer 191,North,Punjab,Technology,Accessories,USB-C Hub,3029.89,1,0.0,621.99
ORD-102231,2024-05-18,CUST-1247,Customer 319,West,Maharashtra,Furniture,Bookcases,Storage Cabinet,10194.19,2,0.15,2508.87
ORD-102232,2024-02-26,CUST-1367,Customer 405,West,Gujarat,Technology,Accessories,Webcam HD,9041.69,2,0.1,745.52
ORD-102233,2025-12-01,CUST-1283,Customer 25,West,Rajasthan,Technology,Accessories,Wireless Mouse,1669.53,1,0.1,316.33
ORD-102234,2024-10-01,CUST-1143,Customer 70,South,Kerala,Office Supplies,Paper,Color Paper,1510.34,3,0.15,80.39
ORD-102235,2025-02-04,CUST-1552,Customer 331,South,Tamil Nadu,Technology,Accessories,Webcam HD,6765.36,4,0.2,1405.28
ORD-102236,2024-12-13,CUST-1553,Customer 571,West,Rajasthan,Office Supplies,Paper,A4 Paper Pack,1961.63,3,0.2,40.38
ORD-102237,2024-07-07,CUST-1089,Customer 573,East,West Bengal,Technology,Accessories,Wireless Mouse,8759.27,4,0.15,483.56
ORD-102238,2023-08-12,CUST-1169,Customer 236,West,Rajasthan,Furniture,Tables,Compact Desk,18949.62,2,0.0,4636.31
ORD-102239,2024-02-01,CUST-1072,Customer 506,West,Rajasthan,Technology,Laptops,WorkMate 13,87851.37,1,0.15,19811.13
ORD-102240,2025-02-21,CUST-1174,Customer 146,West,Maharashtra,Furniture,Bookcases,Corner Shelf,33106.45,2,0.0,7150.4
ORD-102241,2025-11-27,CUST-1012,Customer 426,West,Goa,Office Supplies,Paper,A4 Paper Pack,1642.3,2,0.2,236.36
ORD-102242,2023-12-23,CUST-1399,Customer 634,South,Tamil Nadu,Technology,Accessories,USB-C Hub,4671.69,1,0.05,1249.45
ORD-102243,2023-07-12,CUST-1089,Customer 543,North,Haryana,Furniture,Tables,Meeting Table,54154.88,2,0.05,5886.45
ORD-102244,2023-10-13,CUST-1378,Customer 505,West,Rajasthan,Technology,Accessories,USB-C Hub,5719.86,5,0.0,1573.37
ORD-102245,2025-07-10,CUST-1577,Customer 191,West,Rajasthan,Furniture,Chairs,Executive Chair,5339.3,2,0.0,1031.47
ORD-102246,2025-11-18,CUST-1380,Customer 300,West,Gujarat,Technology,Phones,Galaxy Max,261945.04,5,0.15,22847.3
ORD-102247,2025-07-15,CUST-1169,Customer 193,North,Uttar Pradesh,Office Supplies,Binders,Lever Arch File,850.77,1,0.05,157.85
ORD-102248,2024-05-02,CUST-1255,Customer 36,South,Kerala,Furniture,Chairs,Visitor Chair,18899.57,2,0.1,1066.64
ORD-102249,2023-05-01,CUST-1325,Customer 649,South,Karnataka,Office Supplies,Storage,Drawer Organizer,2445.51,2,0.1,514.63
ORD-102250,2024-09-08,CUST-1425,Customer 432,North,Delhi,Furniture,Tables,Office Desk,4637.58,1,0.1,1022.39
ORD-102251,2024-08-14,CUST-1120,Customer 378,South,Tamil Nadu,Office Supplies,Storage,Drawer Organizer,2565.09,5,0.15,476.96
ORD-102252,2023-03-26,CUST-1534,Customer 198,East,Odisha,Furniture,Bookcases,Storage Cabinet,17228.25,2,0.15,968.82
ORD-102253,2023-05-26,CUST-1592,Customer 103,East,Jharkhand,Technology,Phones,SmartOne 12,46249.48,2,0.0,9735.22
ORD-102254,2023-02-06,CUST-1513,Customer 283,North,Uttar Pradesh,Technology,Laptops,WorkMate 13,144108.26,2,0.05,40134.36
ORD-102255,2025-05-06,CUST-1649,Customer 586,East,Odisha,Furniture,Bookcases,Corner Shelf,37352.33,2,0.1,1873.66
ORD-102256,2023-10-13,CUST-1085,Customer 181,South,Karnataka,Furniture,Tables,Compact Desk,16176.63,1,0.2,3452.9
ORD-102257,2025-10-23,CUST-1001,,South,Karnataka,Furniture,Chairs,Ergo Chair,28460.95,4,0.1,5427.17
ORD-102258,2023-03-25,CUST-1435,Customer 348,East,Bihar,Technology,Laptops,NotePro 16,451003.7,5,0.15,57769.46
ORD-102259,2025-01-30,CUST-1075,Customer 549,South,Tamil Nadu,Technology,Accessories,USB-C Hub,1355.99,1,0.0,232.92
ORD-102260,2025-05-12,CUST-1042,Customer 15,West,Maharashtra,Furniture,Tables,Compact Desk,20160.19,1,0.15,3463.41
ORD-102261,2024-11-30,CUST-1596,Customer 62,North,Punjab,Office Supplies,Binders,Presentation Binder,1322.97,2,0.1,164.62
ORD-102262,2024-05-13,CUST-1483,Customer 205,East,Jharkhand,Technology,Phones,ProPhone X,46246.09,1,0.2,9252.8
ORD-102263,2025-12-25,CUST-1590,Customer 419,South,Kerala,Technology,Accessories,USB-C Hub,3760.07,1,0.1,978.57
ORD-102264,2025-04-01,CUST-1032,Customer 624,East,Jharkhand,Furniture,Chairs,Ergo Chair,6084.3,2,0.15,773.54
ORD-102265,2025-10-23,CUST-1121,Customer 353,South,Tamil Nadu,Furniture,Tables,Compact Desk,25100.72,1,0.05,5101.13
ORD-102266,2025-01-05,CUST-1120,Customer 546,South,Tamil Nadu,Office Supplies,Binders,Lever Arch File,1680.77,4,0.25,220.0
ORD-102267,2024-12-25,CUST-1507,Customer 505,East,Jharkhand,Office Supplies,Paper,Premium Paper,2428.98,4,0.1,506.29
ORD-102268,2025-12-23,CUST-1222,Customer 18,North,Punjab,Office Supplies,Binders,Presentation Binder,473.7,1,0.05,47.98
ORD-102269,2024-02-10,CUST-1303,Customer 540,East,Jharkhand,Technology,Laptops,NotePro 16,426848.44,5,0.1,49535.79
ORD-102270,2025-01-17,CUST-1401,Customer 644,West,Rajasthan,Furniture,Chairs,Executive Chair,12336.43,2,0.15,1990.88
ORD-102271,2025-12-29,CUST-1626,Customer 343,North,Uttar Pradesh,Technology,Phones,SmartOne 12,50654.97,1,0.0,11381.37
ORD-102272,2024-10-26,CUST-1344,Customer 70,West,Rajasthan,Furniture,Chairs,Visitor Chair,17711.47,2,0.2,1440.95
ORD-102273,2023-05-12,CUST-1579,Customer 523,West,Maharashtra,Office Supplies,Paper,Color Paper,1343.97,5,0.15,93.8
ORD-102274,2025-09-21,CUST-1453,Customer 511,North,Delhi,Office Supplies,Paper,Premium Paper,1823.73,3,0.2,344.06
ORD-102275,2024-05-29,CUST-1104,Customer 637,East,West Bengal,Office Supplies,Binders,Presentation Binder,621.69,2,0.1,78.32
ORD-102276,2025-09-02,CUST-1258,Customer 105,South,Karnataka,Furniture,Bookcases,Oak Bookcase,30227.02,3,0.0,6460.73
ORD-102277,2025-12-28,CUST-1590,Customer 411,South,Karnataka,Technology,Phones,Galaxy Max,93323.93,4,0.15,25884.42
ORD-102278,2025-01-12,CUST-1427,Customer 650,West,Gujarat,Technology,Phones,SmartOne 12,131614.47,4,0.0,24385.63
ORD-102279,2025-08-19,CUST-1315,Customer 316,West,Rajasthan,Furniture,Bookcases,Storage Cabinet,33253.62,2,0.0,6262.96
ORD-102280,2024-02-04,CUST-1502,Customer 322,South,Andhra Pradesh,Office Supplies,Storage,Drawer Organizer,2039.22,4,0.05,180.07
ORD-102281,2024-08-25,CUST-1048,Customer 428,North,Haryana,Office Supplies,Storage,File Box,3854.04,4,0.25,141.15
ORD-102282,2024-10-25,CUST-1314,Customer 444,South,Karnataka,Furniture,Bookcases,Storage Cabinet,9965.92,1,0.05,2387.99
ORD-102283,2023-02-13,CUST-1264,Customer 513,East,Jharkhand,Furniture,Bookcases,Storage Cabinet,4683.94,1,0.0,578.37
ORD-102284,2023-10-23,CUST-1398,Customer 219,North,Uttar Pradesh,Technology,Phones,Galaxy Max,30995.61,1,0.0,8652.35
ORD-102285,2024-09-05,CUST-1479,Customer 309,North,Punjab,Technology,Laptops,UltraBook 14,167350.31,2,0.2,30300.85
ORD-102286,2024-12-27,CUST-1168,Customer 439,South,Andhra Pradesh,Technology,Accessories,Wireless Mouse,4097.65,2,0.1,548.68
ORD-102287,2025-07-27,CUST-1563,Customer 408,East,Bihar,Technology,Phones,Pixel Edge,73727.04,2,0.1,14181.86
ORD-102288,2023-04-16,CUST-1401,Customer 563,North,Delhi,Furniture,Tables,Compact Desk,16252.98,3,0.0,3815.01
ORD-102289,2025-03-01,CUST-1446,Customer 547,South,Andhra Pradesh,Technology,Accessories,Webcam HD,4524.87,2,0.15,591.61
ORD-102290,2024-10-15,CUST-1236,Customer 590,North,Haryana,Technology,Phones,Galaxy Max,32210.23,1,0.1,6277.79
ORD-102291,2023-05-10,CUST-1229,Customer 425,South,Tamil Nadu,Furniture,Tables,Study Table,60235.51,3,0.2,13243.71
ORD-102292,2023-10-14,CUST-1405,Customer 571,North,Uttar Pradesh,Furniture,Bookcases,Storage Cabinet,56886.27,3,0.1,12918.57
ORD-102293,2023-04-26,CUST-1598,Customer 176,East,Jharkhand,Office Supplies,Binders,Lever Arch File,627.92,1,0.25,154.51
ORD-102294,2024-01-10,CUST-1431,Customer 74,West,Gujarat,Furniture,Chairs,Ergo Chair,25202.88,4,0.1,4299.34
ORD-102295,2024-04-24,CUST-1544,Customer 323,West,Gujarat,Furniture,Tables,Compact Desk,28622.85,1,0.0,4173.42
ORD-102296,2023-04-15,CUST-1051,Customer 484,South,Kerala,Office Supplies,Storage,Storage Bin,3681.67,2,0.1,1028.6
ORD-102297,2024-12-06,CUST-1280,Customer 141,West,Gujarat,Technology,Laptops,UltraBook 14,218262.18,3,0.0,16625.45
ORD-102298,2024-02-13,CUST-1241,Customer 236,West,Maharashtra,Office Supplies,Paper,Color Paper,2354.16,3,0.2,480.95
ORD-102299,2025-03-22,CUST-1611,Customer 491,West,Goa,Office Supplies,Storage,Drawer Organizer,2253.87,1,0.05,399.81
ORD-102300,2023-10-14,CUST-1559,Customer 211,East,Odisha,Office Supplies,Storage,Storage Bin,4826.6,4,0.05,1186.3
ORD-102301,2023-05-24,CUST-1290,Customer 361,South,Karnataka,Office Supplies,Storage,Storage Bin,3249.07,3,0.1,722.81
ORD-102302,2025-06-07,CUST-1367,Customer 394,West,Rajasthan,Office Supplies,Storage,Storage Bin,1469.95,1,0.15,103.85
ORD-102303,2024-08-17,CUST-1430,Customer 292,West,Gujarat,Furniture,Chairs,Mesh Chair,8188.8,2,0.2,1316.53
ORD-102304,2024-08-05,CUST-1334,Customer 233,East,Bihar,Technology,Phones,SmartOne 12,39917.91,1,0.15,2515.35
ORD-102305,2023-04-13,CUST-1579,Customer 237,West,Goa,Office Supplies,Paper,A4 Paper Pack,2489.64,4,0.1,450.78
ORD-102306,2023-07-26,CUST-1013,Customer 50,East,Jharkhand,Technology,Phones,Pixel Edge,50378.56,3,0.2,8911.7
ORD-102307,2025-04-11,CUST-1230,Customer 567,North,Haryana,Technology,Laptops,ProBook 15,169805.04,2,0.05,19929.33
ORD-102308,2023-10-12,CUST-1020,Customer 349,East,West Bengal,Furniture,Tables,Compact Desk,122922.58,5,0.1,33796.91
ORD-102309,2025-11-09,CUST-1260,Customer 128,East,West Bengal,Technology,Laptops,UltraBook 14,134672.64,2,0.2,3928.5
ORD-102310,2025-11-24,CUST-1438,Customer 383,North,Uttar Pradesh,Technology,Accessories,USB-C Hub,3864.35,2,0.1,269.31
ORD-102311,2023-08-26,CUST-1158,Customer 8,South,Tamil Nadu,Furniture,Tables,Office Desk,19442.37,2,0.05,4414.04
ORD-102312,2025-10-27,CUST-1048,Customer 24,South,Kerala,Furniture,Tables,Compact Desk,59044.51,4,0.15,8776.88
ORD-102313,2024-10-26,CUST-1392,Customer 74,West,Gujarat,Technology,Laptops,ProBook 15,124790.59,3,0.1,32692.48
ORD-102314,2025-09-29,CUST-1505,Customer 232,West,Maharashtra,Office Supplies,Binders,Lever Arch File,369.46,2,0.15,25.5
ORD-102315,2025-12-05,CUST-1171,Customer 172,East,West Bengal,Furniture,Chairs,Ergo Chair,42740.26,4,0.0,3822.01
ORD-102316,2023-08-21,CUST-1021,Customer 277,West,Gujarat,Technology,Accessories,Wireless Mouse,1783.56,2,0.1,149.77
ORD-102317,2024-08-10,CUST-1351,Customer 32,South,Tamil Nadu,Office Supplies,Storage,File Box,1130.82,2,0.15,287.34
ORD-102318,2023-01-20,CUST-1434,Customer 67,West,Gujarat,Office Supplies,Paper,Premium Paper,591.39,3,0.1,134.88
ORD-102319,2025-07-24,CUST-1258,Customer 210,East,Odisha,Office Supplies,Paper,Premium Paper,1898.26,2,0.15,395.82
ORD-102320,2023-09-27,CUST-1106,Customer 1,South,Tamil Nadu,Furniture,Chairs,Visitor Chair,33251.34,3,0.1,2505.84
ORD-102321,2024-08-11,CUST-1542,Customer 451,West,Goa,Office Supplies,Binders,Lever Arch File,574.38,1,0.15,37.38
ORD-102322,2024-11-18,CUST-1060,Customer 267,North,Uttar Pradesh,Technology,Phones,ProPhone X,165747.99,3,0.0,37337.58
ORD-102323,2025-11-16,CUST-1462,Customer 21,North,Punjab,Technology,Phones,SmartOne 12,126397.86,3,0.0,14078.68
ORD-102324,2023-12-24,CUST-1094,Customer 324,South,Karnataka,Technology,Phones,Pixel Edge,76408.69,2,0.1,10322.83
ORD-102325,2024-10-04,CUST-1269,Customer 636,South,Andhra Pradesh,Technology,Accessories,Mechanical Keyboard,3330.28,1,0.05,748.5
ORD-102326,2023-08-31,CUST-1102,Customer 78,South,Andhra Pradesh,Office Supplies,Paper,Color Paper,1026.46,2,0.15,182.82
ORD-102327,2024-01-03,CUST-1605,Customer 321,North,Punjab,Technology,Accessories,Webcam HD,1967.19,2,0.05,187.45
ORD-102328,2025-10-27,CUST-1226,Customer 207,South,Andhra Pradesh,Technology,Accessories,Mechanical Keyboard,5435.16,1,0.05,1322.44
ORD-102329,2023-11-19,CUST-1177,Customer 626,South,Tamil Nadu,Technology,Accessories,Webcam HD,6129.17,2,0.15,996.9
ORD-102330,2025-03-14,CUST-1122,Customer 307,North,Haryana,Technology,Accessories,Wireless Mouse,6627.87,2,0.05,1671.98
ORD-102331,2025-01-13,CUST-1453,Customer 49,North,Punjab,Furniture,Chairs,Executive Chair,25835.22,2,0.05,3099.12
ORD-102332,2024-10-11,CUST-1230,Customer 212,South,Tamil Nadu,Office Supplies,Binders,Lever Arch File,313.32,1,0.15,84.79
ORD-102333,2023-02-13,CUST-1506,Customer 416,West,Maharashtra,Office Supplies,Storage,File Box,3520.55,4,0.15,572.87
ORD-102334,2024-12-08,CUST-1563,Customer 510,West,Goa,Furniture,Bookcases,Steel Shelf,16325.17,1,0.1,3093.87
ORD-102335,2023-04-13,CUST-1346,Customer 324,South,Tamil Nadu,Office Supplies,Binders,Ring Binder,3241.11,5,0.2,657.04
ORD-102336,2023-08-09,CUST-1629,Customer 396,West,Gujarat,Office Supplies,Paper,Premium Paper,3755.56,4,0.1,613.74
ORD-102337,2023-04-10,CUST-1430,Customer 18,West,Gujarat,Technology,Laptops,ProBook 15,146795.19,2,0.1,8594.6
ORD-102338,2023-03-23,CUST-1131,Customer 417,West,Gujarat,Technology,Accessories,Wireless Mouse,3805.43,1,0.15,749.25
ORD-102339,2024-04-11,CUST-1363,Customer 116,West,Goa,Technology,Laptops,ProBook 15,342079.13,5,0.1,80801.34
ORD-102340,2023-06-19,CUST-1529,Customer 122,South,Karnataka,Office Supplies,Binders,Ring Binder,1110.64,2,0.2,172.97
ORD-102341,2025-02-28,CUST-1287,Customer 107,South,Andhra Pradesh,Office Supplies,Paper,Premium Paper,2039.88,4,0.0,462.58
ORD-102342,2023-03-28,CUST-1644,Customer 346,North,Punjab,Technology,Laptops,NotePro 16,62783.95,2,0.2,7937.39
ORD-102343,2024-07-14,CUST-1144,Customer 507,South,Andhra Pradesh,Technology,Phones,Pixel Edge,190946.95,5,0.05,52677.4
ORD-102344,2024-09-28,CUST-1193,Customer 643,West,Maharashtra,Office Supplies,Binders,Presentation Binder,1160.09,3,0.15,312.36
ORD-102345,2023-12-20,CUST-1572,Customer 62,East,West Bengal,Office Supplies,Paper,Color Paper,2014.78,2,0.0,545.18
ORD-102346,2023-09-28,CUST-1133,Customer 167,West,Maharashtra,Technology,Accessories,USB-C Hub,5463.58,2,0.15,445.29
ORD-102347,2023-01-28,CUST-1075,Customer 392,South,Tamil Nadu,Furniture,Chairs,Visitor Chair,40581.52,3,0.15,3501.13
ORD-102348,2023-04-19,CUST-1428,Customer 471,West,Rajasthan,Technology,Laptops,ProBook 15,188490.62,2,0.1,45573.9
ORD-102349,2023-03-27,CUST-1085,Customer 130,West,Maharashtra,Technology,Accessories,Webcam HD,15913.15,3,0.05,1228.45
ORD-102350,2023-04-19,CUST-1607,Customer 391,West,Gujarat,Office Supplies,Storage,File Box,4178.43,2,0.1,438.62
ORD-102351,2025-12-31,CUST-1517,Customer 166,North,Haryana,Technology,Accessories,Mechanical Keyboard,4057.66,1,0.15,443.65
ORD-102352,2024-09-28,CUST-1341,Customer 594,East,West Bengal,Office Supplies,Binders,Ring Binder,219.97,1,0.2,23.05
ORD-102353,2024-01-05,CUST-1119,Customer 450,North,Uttar Pradesh,Furniture,Chairs,Visitor Chair,17885.87,3,0.1,2585.2
ORD-102354,2024-01-23,CUST-1082,Customer 345,West,Rajasthan,Technology,Laptops,WorkMate 13,257484.83,3,0.15,69841.89
ORD-102355,2024-08-14,CUST-1015,Customer 580,West,Rajasthan,Furniture,Chairs,Mesh Chair,17653.18,3,0.15,4479.46
ORD-102356,2025-05-10,CUST-1071,Customer 381,West,Goa,Office Supplies,Binders,Presentation Binder,2110.92,3,0.1,476.54
ORD-102357,2023-12-18,CUST-1188,Customer 37,West,Goa,Furniture,Chairs,Visitor Chair,14602.65,2,0.05,1995.74
ORD-102358,2023-01-24,CUST-1396,Customer 370,North,Delhi,Technology,Accessories,USB-C Hub,765.17,1,0.0,204.77
ORD-102359,2025-02-08,CUST-1171,Customer 99,South,Kerala,Technology,Laptops,NotePro 16,232225.05,5,0.0,45189.27
ORD-102360,2023-08-27,CUST-1544,Customer 400,North,Uttar Pradesh,Furniture,Bookcases,Corner Shelf,38610.54,4,0.0,8491.99
ORD-102361,2025-08-16,CUST-1556,Customer 494,East,Jharkhand,Furniture,Bookcases,Oak Bookcase,33578.04,2,0.05,3681.0
ORD-102362,2024-11-18,CUST-1250,Customer 304,South,Tamil Nadu,Office Supplies,Binders,Lever Arch File,683.0,1,0.1,190.73
ORD-102363,2023-03-22,CUST-1614,Customer 19,North,Punjab,Furniture,Tables,Study Table,53348.42,4,0.1,7540.93
ORD-102364,2024-12-22,CUST-1494,Customer 259,South,Karnataka,Technology,Laptops,ProBook 15,182480.73,2,0.1,24396.57
ORD-102365,2025-05-27,CUST-1211,Customer 129,West,Gujarat,Furniture,Tables,Meeting Table,25979.58,2,0.2,3574.8
ORD-102366,2023-11-07,CUST-1149,Customer 505,East,Bihar,Furniture,Chairs,Ergo Chair,11265.47,1,0.1,1439.66
ORD-102367,2025-10-07,CUST-1336,Customer 77,North,Delhi,Office Supplies,Paper,Premium Paper,1996.97,2,0.05,343.52
ORD-102368,2024-10-21,CUST-1144,Customer 576,North,Haryana,Office Supplies,Paper,A4 Paper Pack,323.46,1,0.0,71.33
ORD-102369,2024-10-03,CUST-1368,Customer 34,East,Bihar,Technology,Accessories,Mechanical Keyboard,6361.03,2,0.0,1556.93
ORD-102370,2024-06-24,CUST-1644,Customer 81,South,Karnataka,Office Supplies,Storage,Storage Bin,541.36,1,0.15,61.54
ORD-102371,2024-05-20,CUST-1460,Customer 124,South,Karnataka,Office Supplies,Binders,Lever Arch File,2714.88,5,0.1,245.2
ORD-102372,2024-06-14,CUST-1078,Customer 209,East,Odisha,Technology,Accessories,Mechanical Keyboard,3099.1,2,0.1,255.26
ORD-102373,2023-04-07,CUST-1186,Customer 555,West,Goa,Technology,Accessories,USB-C Hub,9554.8,2,0.05,1546.17
ORD-102374,2025-03-13,CUST-1122,Customer 530,North,Delhi,Office Supplies,Storage,File Box,2824.0,5,0.1,463.95
ORD-102375,2023-09-28,CUST-1064,Customer 495,West,Gujarat,Office Supplies,Binders,Ring Binder,419.68,1,0.1,36.53
ORD-102376,2023-09-22,CUST-1588,Customer 530,East,Odisha,Technology,Laptops,ProBook 15,115898.19,3,0.2,19650.98
ORD-102377,2024-06-10,CUST-1300,Customer 584,East,Bihar,Office Supplies,Binders,Lever Arch File,468.62,1,0.05,77.9
ORD-102378,2023-09-23,CUST-1637,Customer 265,South,Kerala,Office Supplies,Paper,Premium Paper,981.28,1,0.15,203.02
ORD-102379,2023-04-23,CUST-1487,Customer 30,East,West Bengal,Office Supplies,Storage,Drawer Organizer,1335.65,4,0.1,100.11
ORD-102380,2023-01-02,CUST-1648,Customer 513,West,Maharashtra,Office Supplies,Binders,Presentation Binder,2275.3,3,0.1,386.36
ORD-102381,2024-06-27,CUST-1158,Customer 585,East,Odisha,Office Supplies,Binders,Presentation Binder,2572.26,4,0.0,667.97
ORD-102382,2024-01-03,CUST-1209,Customer 264,South,Karnataka,Office Supplies,Binders,Ring Binder,782.03,4,0.05,177.95
ORD-102383,2024-09-18,CUST-1032,Customer 280,South,Kerala,Office Supplies,Paper,Color Paper,2916.35,5,0.05,287.86
ORD-102384,2025-03-28,CUST-1474,Customer 505,North,Uttar Pradesh,Furniture,Chairs,Ergo Chair,16932.68,2,0.1,2898.28
ORD-102385,2024-05-16,CUST-1358,Customer 645,West,Goa,Technology,Accessories,USB-C Hub,11156.51,4,0.2,1087.92
ORD-102386,2025-02-17,CUST-1067,Customer 508,South,Kerala,Office Supplies,Paper,Color Paper,715.56,1,0.05,156.16
ORD-102387,2023-05-08,CUST-1542,Customer 37,North,Punjab,Office Supplies,Paper,Color Paper,970.84,2,0.1,226.36
ORD-102388,2025-08-14,CUST-1089,Customer 22,West,Maharashtra,Furniture,Tables,Study Table,7549.82,1,0.15,2097.36
ORD-102389,2023-06-12,CUST-1111,Customer 295,East,Odisha,Technology,Phones,Pixel Edge,18376.17,1,0.0,3958.97
ORD-102390,2023-10-17,CUST-1158,Customer 384,North,Delhi,Furniture,Bookcases,Steel Shelf,25278.6,2,0.1,6249.21
ORD-102391,2024-08-26,CUST-1414,Customer 83,West,Goa,Office Supplies,Storage,File Box,4999.13,3,0.15,278.05
ORD-102392,2025-03-02,CUST-1208,Customer 597,North,Punjab,Office Supplies,Paper,Color Paper,398.81,1,0.1,96.06
ORD-102393,2024-12-21,CUST-1590,Customer 90,North,Delhi,Office Supplies,Binders,Presentation Binder,1167.65,4,0.05,244.04
ORD-102394,2024-06-30,CUST-1279,Customer 588,West,Gujarat,Technology,Accessories,Mechanical Keyboard,5848.52,3,0.2,1169.88
ORD-102395,2025-03-04,CUST-1633,Customer 226,East,Bihar,Office Supplies,Paper,Premium Paper,2678.43,3,0.05,643.12
ORD-102396,2024-05-19,CUST-1329,Customer 28,north,Haryana,Furniture,Bookcases,Corner Shelf,73983.26,4,0.0,12051.05
ORD-102397,2025-10-09,CUST-1338,Customer 491,West,Maharashtra,Technology,Accessories,USB-C Hub,4078.09,4,0.15,378.72
ORD-102398,2023-06-19,CUST-1018,Customer 416,West,Gujarat,Furniture,Chairs,Executive Chair,5017.68,2,0.1,992.86
ORD-102399,2023-02-26,CUST-1540,Customer 165,South,Kerala,Technology,Accessories,USB-C Hub,3540.22,2,0.1,960.02
ORD-102400,2024-08-10,CUST-1053,Customer 444,South,Andhra Pradesh,Office Supplies,Storage,File Box,753.03,1,0.05,126.16
ORD-102401,2023-09-27,CUST-1419,Customer 9,South,Karnataka,Office Supplies,Binders,Lever Arch File,151.1,1,0.15,12.79
ORD-102402,2024-03-30,CUST-1282,Customer 352,East,Jharkhand,Furniture,Tables,Study Table,50964.62,2,0.0,14044.72
ORD-102403,2023-12-18,CUST-1101,Customer 382,South,Tamil Nadu,Technology,Accessories,Webcam HD,4466.54,4,0.0,784.6
ORD-102404,2023-09-23,CUST-1036,Customer 132,East,Bihar,Office Supplies,Paper,Color Paper,1086.56,5,0.0,196.24
ORD-102405,2023-07-16,CUST-1525,Customer 531,East,Odisha,Furniture,Chairs,Mesh Chair,15477.16,2,0.0,1482.0
ORD-102406,2023-01-29,CUST-1323,Customer 515,East,Odisha,Technology,Phones,Pixel Edge,33115.06,1,0.1,9055.14
ORD-102407,2023-06-01,CUST-1055,Customer 436,North,Punjab,Technology,Phones,Pixel Edge,41627.59,2,0.0,3212.7
ORD-102408,2024-01-04,CUST-1039,Customer 221,North,Haryana,Technology,Accessories,Webcam HD,5058.13,2,0.1,818.68
ORD-102409,2024-11-07,CUST-1037,Customer 311,South,Karnataka,Furniture,Chairs,Visitor Chair,23598.75,3,0.2,4865.37
ORD-102410,2024-07-12,CUST-1617,Customer 18,East,Bihar,Technology,Phones,SmartOne 12,55290.37,1,0.0,8661.72
ORD-102411,2024-12-03,CUST-1412,Customer 350,North,Delhi,Office Supplies,Storage,Storage Bin,923.43,1,0.05,212.93
ORD-102412,2024-04-15,CUST-1303,Customer 298,West,Rajasthan,Office Supplies,Binders,Ring Binder,1068.94,2,0.1,273.27
ORD-102413,2023-11-20,CUST-1386,Customer 163,West,Goa,Technology,Laptops,ProBook 15,34801.15,1,0.15,4416.13
ORD-102414,2023-12-17,CUST-1179,Customer 619,West,Maharashtra,Office Supplies,Storage,File Box,4432.24,2,0.05,342.66
ORD-102415,2024-01-07,CUST-1069,Customer 309,West,Goa,Office Supplies,Storage,Drawer Organizer,664.57,1,0.05,147.31
ORD-102416,2023-08-28,CUST-1641,Customer 469,West,Goa,Technology,Accessories,USB-C Hub,8583.77,2,0.0,1885.4
ORD-102417,2025-12-24,CUST-1531,Customer 199,South,Karnataka,Furniture,Bookcases,Corner Shelf,14741.81,3,0.15,3560.12
ORD-102418,2023-04-29,CUST-1463,Customer 534,South,Karnataka,Technology,Laptops,UltraBook 14,71332.22,1,0.15,19035.26
ORD-102419,2023-11-10,CUST-1095,Customer 604,South,Andhra Pradesh,Furniture,Bookcases,Corner Shelf,22302.69,5,0.2,4871.03
ORD-102420,2024-07-19,CUST-1248,Customer 476,East,Jharkhand,Office Supplies,Paper,Color Paper,840.09,1,0.15,135.15
ORD-102421,2023-09-10,CUST-1436,Customer 577,North,Uttar Pradesh,Furniture,Chairs,Executive Chair,24503.44,2,0.2,3031.96
ORD-102422,2023-07-29,CUST-1315,Customer 594,West,Rajasthan,Furniture,Chairs,Executive Chair,11366.73,1,0.05,2645.1
ORD-102423,2023-08-02,CUST-1548,Customer 350,South,Tamil Nadu,Technology,Laptops,NotePro 16,33427.36,1,0.25,6182.79
ORD-102424,2025-09-25,CUST-1152,Customer 472,West,Rajasthan,Technology,Accessories,Mechanical Keyboard,496.3,1,0.15,85.91
ORD-102425,2025-07-24,CUST-1488,Customer 77,West,Goa,Technology,Accessories,Mechanical Keyboard,1016.21,2,0.0,105.9
ORD-102426,2023-05-19,CUST-1043,Customer 611,East,West Bengal,Furniture,Chairs,Ergo Chair,20761.66,3,0.05,4096.04
ORD-102427,2024-11-02,CUST-1284,Customer 523,West,Rajasthan,Office Supplies,Binders,Presentation Binder,699.52,4,0.0,46.97
ORD-102428,2025-11-15,CUST-1131,Customer 37,North,Uttar Pradesh,Furniture,Chairs,Executive Chair,9196.8,2,0.15,2393.56
ORD-102429,2024-12-28,CUST-1129,Customer 1,South,Tamil Nadu,Technology,Laptops,NotePro 16,106933.04,3,0.0,7174.45
ORD-102430,2023-04-12,CUST-1267,Customer 340,West,Maharashtra,Technology,Laptops,ProBook 15,266611.36,3,0.15,23097.32
ORD-102431,2025-02-01,CUST-1073,Customer 121,North,Delhi,Technology,Accessories,Wireless Mouse,1497.85,1,0.15,365.24
ORD-102432,2025-05-04,CUST-1366,Customer 412,West,Goa,Furniture,Chairs,Visitor Chair,14896.34,2,0.05,1760.99
ORD-102433,2023-10-31,CUST-1526,Customer 493,North,Punjab,Technology,Phones,SmartOne 12,16249.33,1,0.15,4266.65
ORD-102434,2024-09-16,CUST-1398,Customer 76,South,Tamil Nadu,Furniture,Bookcases,Steel Shelf,10951.83,2,0.1,1869.77
ORD-102435,2023-09-01,CUST-1521,Customer 608,South,Tamil Nadu,Technology,Laptops,WorkMate 13,120175.11,3,0.05,15149.12
ORD-102436,2024-12-24,CUST-1278,Customer 173,East,Odisha,Office Supplies,Binders,Ring Binder,2155.12,3,0.1,417.06
ORD-102437,2025-12-01,CUST-1631,Customer 479,North,Delhi,Furniture,Chairs,Visitor Chair,32611.19,3,0.15,8407.24
ORD-102438,2023-07-01,CUST-1564,Customer 596,South,Kerala,Technology,Laptops,NotePro 16,45622.11,1,0.05,4561.34
ORD-102439,2025-12-12,CUST-1606,Customer 281,South,Kerala,Technology,Accessories,Wireless Mouse,8142.03,3,0.2,1256.27
ORD-102440,2025-08-16,CUST-1159,Customer 191,West,Rajasthan,Technology,Phones,Galaxy Max,23271.73,1,0.15,3123.72
ORD-102441,2023-09-01,CUST-1214,Customer 312,South,Andhra Pradesh,Office Supplies,Storage,Storage Bin,845.23,2,0.15,64.99
ORD-102442,2025-11-26,CUST-1242,Customer 419,West,Goa,Technology,Laptops,UltraBook 14,310106.63,4,0.1,82100.71
ORD-102443,2025-07-01,CUST-1487,Customer 176,West,Maharashtra,Technology,Laptops,NotePro 16,232975.15,3,0.05,55399.47
ORD-102444,2025-12-30,CUST-1404,Customer 209,West,Goa,Furniture,Chairs,Ergo Chair,41745.71,4,0.2,3984.22
ORD-102445,2024-03-27,CUST-1396,Customer 77,East,Bihar,Furniture,Tables,Meeting Table,18701.7,2,0.05,2821.45
ORD-102446,2023-09-22,CUST-1233,Customer 456,West,Goa,Office Supplies,Paper,A4 Paper Pack,3811.32,4,0.15,953.41
ORD-102447,2025-08-28,CUST-1106,Customer 441,North,Haryana,Technology,Laptops,WorkMate 13,324434.38,4,0.05,41464.5
ORD-102448,2023-09-27,CUST-1232,Customer 45,East,Bihar,Office Supplies,Binders,Ring Binder,920.42,3,0.15,135.29
ORD-102449,2023-05-25,CUST-1119,Customer 267,East,Odisha,Technology,Accessories,Webcam HD,3843.91,2,0.05,756.84
ORD-102450,2024-03-12,CUST-1156,Customer 28,West,Rajasthan,Furniture,Tables,Study Table,20459.24,1,0.1,5506.53
ORD-102451,2025-06-27,CUST-1488,Customer 103,East,Jharkhand,Technology,Laptops,WorkMate 13,61156.42,1,0.2,1261.34
ORD-102452,2023-10-25,CUST-1087,Customer 261,East,Jharkhand,Furniture,Bookcases,Corner Shelf,28470.51,2,0.1,5574.61
ORD-102453,2023-10-26,CUST-1037,Customer 563,West,Goa,Furniture,Bookcases,Oak Bookcase,33499.18,2,0.1,7901.83
ORD-102454,2023-07-02,CUST-1071,Customer 127,South,Andhra Pradesh,Office Supplies,Storage,Storage Bin,1633.65,1,0.0,240.11
ORD-102455,2025-04-03,CUST-1246,Customer 555,East,West Bengal,Office Supplies,Storage,Storage Bin,7709.62,4,0.1,1125.24
ORD-102456,2023-11-05,CUST-1022,Customer 28,West,Gujarat,Furniture,Bookcases,Steel Shelf,8744.99,2,0.0,1270.79
ORD-102457,2024-05-02,CUST-1488,Customer 454,West,Gujarat,Office Supplies,Binders,Presentation Binder,751.5,1,0.05,58.64
ORD-102458,2024-06-09,CUST-1264,Customer 646,North,Delhi,Technology,Laptops,UltraBook 14,33863.68,1,0.2,2935.87
ORD-102459,2025-08-09,CUST-1519,Customer 87,East,Bihar,Furniture,Tables,Office Desk,21237.43,1,0.15,1238.34
ORD-102460,2024-03-18,CUST-1341,Customer 309,East,Bihar,Technology,Phones,Galaxy Max,35077.7,1,0.15,6915.84
ORD-102461,2024-03-10,CUST-1519,Customer 80,South,Kerala,Office Supplies,Binders,Lever Arch File,1570.33,3,0.15,160.17
ORD-102462,2025-01-30,CUST-1628,Customer 497,East,Bihar,Office Supplies,Storage,File Box,1385.64,1,0.15,384.21
ORD-102463,2024-01-05,CUST-1184,Customer 250,South,Andhra Pradesh,Furniture,Bookcases,Corner Shelf,10249.72,2,0.0,2240.54
ORD-102464,2025-03-21,CUST-1472,Customer 516,West,Gujarat,Office Supplies,Binders,Presentation Binder,2351.39,3,0.1,336.74
ORD-102465,2024-05-29,CUST-1044,Customer 419,South,Andhra Pradesh,Furniture,Chairs,Executive Chair,4730.08,1,0.05,1310.33
ORD-102466,2025-03-02,CUST-1073,Customer 491,North,Uttar Pradesh,Furniture,Bookcases,Corner Shelf,14519.87,2,0.0,3293.27
ORD-102467,2024-04-26,CUST-1339,Customer 165,West,Goa,Office Supplies,Paper,Premium Paper,2763.16,3,0.05,762.42
ORD-102468,2023-11-19,CUST-1441,Customer 383,West,Gujarat,Technology,Laptops,WorkMate 13,109965.87,3,0.05,27602.63
ORD-102469,2025-04-23,CUST-1547,Customer 256,West,Rajasthan,Furniture,Tables,Study Table,19298.48,1,0.05,5154.9
ORD-102470,2024-04-15,CUST-1571,Customer 155,West,Rajasthan,Furniture,Bookcases,Oak Bookcase,4021.69,1,0.1,597.97
ORD-102471,2024-02-16,CUST-1222,Customer 285,West,Maharashtra,Furniture,Tables,Compact Desk,23041.27,1,0.05,4444.09
ORD-102472,2023-03-07,CUST-1301,Customer 539,West,Gujarat,Office Supplies,Paper,A4 Paper Pack,3261.34,4,0.2,9.57
ORD-102473,2023-03-30,CUST-1431,Customer 125,East,West Bengal,Furniture,Tables,Office Desk,41494.0,2,0.0,5801.03
ORD-102474,2024-12-10,CUST-1372,Customer 165,North,Delhi,Furniture,Bookcases,Steel Shelf,30084.55,3,0.1,5846.79
ORD-102475,2024-07-12,CUST-1554,Customer 563,East,Bihar,Office Supplies,Paper,Color Paper,261.29,1,0.1,39.15
ORD-102476,2024-05-04,CUST-1455,Customer 90,West,Gujarat,Furniture,Bookcases,Corner Shelf,12757.19,1,0.1,653.35
ORD-102477,2024-04-02,CUST-1544,Customer 530,North,Uttar Pradesh,Technology,Phones,SmartOne 12,49268.33,2,0.1,8396.24
ORD-102478,2023-09-14,CUST-1148,Customer 552,South,Andhra Pradesh,Furniture,Chairs,Visitor Chair,15277.84,2,0.1,3639.08
ORD-102479,2024-07-05,CUST-1628,Customer 104,South,Karnataka,Office Supplies,Binders,Presentation Binder,1479.74,5,0.15,151.96
ORD-102480,2024-08-14,CUST-1217,Customer 339,West,Rajasthan,Furniture,Chairs,Mesh Chair,11859.57,4,0.15,1516.11
ORD-102481,2025-06-04,CUST-1138,Customer 526,West,Rajasthan,Furniture,Bookcases,Steel Shelf,39209.82,2,0.0,6709.45
ORD-102482,2024-03-24,CUST-1513,Customer 231,South,Andhra Pradesh,Technology,Laptops,WorkMate 13,47618.12,1,0.15,5685.52
ORD-102483,2025-01-10,CUST-1359,Customer 571,South,Karnataka,Furniture,Tables,Compact Desk,13767.0,2,0.1,2339.65
ORD-102484,2025-03-18,CUST-1128,Customer 483,South,Kerala,Technology,Accessories,Wireless Mouse,10571.57,3,0.15,582.82
ORD-102485,2023-07-26,CUST-1086,Customer 411,South,Andhra Pradesh,Technology,Laptops,ProBook 15,245255.86,4,0.05,22935.55
ORD-102486,2023-10-30,CUST-1151,Customer 52,West,Maharashtra,Furniture,Bookcases,Storage Cabinet,14192.76,1,0.05,3889.44
ORD-102487,2024-12-15,CUST-1402,Customer 462,South,Kerala,Furniture,Bookcases,Storage Cabinet,23618.74,2,0.05,3253.56
ORD-102488,2024-08-05,CUST-1243,Customer 554,North,Delhi,Office Supplies,Binders,Lever Arch File,266.49,1,0.2,52.29
ORD-102489,2024-09-27,CUST-1471,Customer 343,North,Punjab,Office Supplies,Binders,Presentation Binder,155.09,1,0.0,17.55
ORD-102490,2025-10-10,CUST-1594,Customer 138,South,Tamil Nadu,Office Supplies,Storage,Storage Bin,2781.71,2,0.1,377.18
ORD-102491,2024-05-04,CUST-1441,Customer 344,West,Gujarat,Technology,Accessories,Webcam HD,2223.87,1,0.1,559.04
ORD-102492,2025-06-14,CUST-1150,Customer 637,South,Karnataka,Office Supplies,Storage,Drawer Organizer,3337.7,2,0.05,793.97
ORD-102493,2023-04-06,CUST-1038,Customer 441,South,Tamil Nadu,Technology,Accessories,Webcam HD,3301.85,1,0.0,448.48
ORD-102494,2023-07-25,CUST-1238,Customer 241,East,West Bengal,Furniture,Chairs,Ergo Chair,2188.7,1,0.25,153.98
ORD-102495,2024-07-22,CUST-1074,Customer 24,South,Tamil Nadu,Furniture,Bookcases,Corner Shelf,48762.8,4,0.0,5119.38
ORD-102496,2024-03-17,CUST-1238,Customer 135,West,Gujarat,Technology,Accessories,USB-C Hub,2063.34,1,0.15,539.7
ORD-102497,2023-11-18,CUST-1468,Customer 599,South,Karnataka,Office Supplies,Storage,File Box,2840.63,2,0.2,389.0
ORD-102498,2025-03-09,CUST-1198,Customer 626,South,Tamil Nadu,Furniture,Chairs,Mesh Chair,24373.42,2,0.05,3742.61
ORD-102499,2023-03-27,CUST-1008,Customer 33,South,Karnataka,Furniture,Bookcases,Oak Bookcase,36223.77,2,0.0,7930.9
ORD-100050,2024-11-28,CUST-1271,Customer 376,West,Rajasthan,Office Supplies,Binders,Ring Binder,1719.04,2,0.0,205.1
ORD-100150,2025-12-03,CUST-1233,Customer 279,West,Maharashtra,Office Supplies,Binders,Lever Arch File,723.2,1,0.1,141.66
ORD-100850,2023-11-05,CUST-1170,Customer 636,South,Kerala,Technology,Accessories,USB-C Hub,13504.69,3,0.0,1847.68
ORD-101450,2023-08-15,CUST-1406,Customer 86,East,Odisha,Office Supplies,Binders,Presentation Binder,294.29,1,0.1,22.47
